Age,Gender,Max_BPM,Avg_BPM,Resting_BPM,Session_Duration (hours),Calories_Burned,Workout_Type,Fat_Percentage,Water_Intake (liters),Workout_Frequency (days/week),Experience_Level,BMI,Weight_lbs,Height_ft
56,Male,180,157,60,1.69,1313.0,Yoga,12.6,3.5,4,3,30.2,194.67,5.7
46,Female,179,151,66,1.3,883.0,HIIT,33.9,2.1,4,2,32.0,165.13,5.0
32,Female,167,122,54,1.11,677.0,Cardio,33.4,2.3,4,2,24.71,150.13,5.5
25,Male,190,164,56,0.59,532.0,Strength,28.8,2.1,3,1,18.41,117.29,5.6
38,Male,188,158,68,0.64,556.0,Strength,29.2,2.8,3,1,14.39,101.63,5.1
56,Female,168,156,74,1.59,1116.0,HIIT,15.5,2.7,5,3,20.55,127.87,5.6
36,Male,174,169,73,1.49,1385.0,Cardio,21.3,2.3,3,2,23.76,154.98,5.7
40,Female,189,141,64,1.27,895.0,Cardio,30.6,1.9,3,2,30.57,153.66,4.11
28,Male,185,127,52,1.03,719.0,Strength,28.9,2.6,4,2,32.34,268.3,6.4
28,Male,169,136,64,1.08,808.0,Cardio,29.7,2.7,3,1,30.07,224.43,6.0
41,Male,188,146,54,0.82,593.0,HIIT,20.5,3.0,2,1,43.31,266.32,5.5
53,Male,175,152,72,1.15,865.0,HIIT,23.6,3.5,3,2,17.89,113.98,5.6
57,Male,195,165,61,1.24,1013.0,Cardio,22.1,2.7,3,2,43.4,248.02,5.3
41,Male,179,136,69,1.18,794.0,HIIT,27.6,3.7,3,1,23.62,208.34,6.6
20,Male,196,161,54,1.35,1195.0,Yoga,26.4,3.3,3,2,35.93,259.48,5.11
39,Female,181,131,52,1.13,740.0,Strength,26.2,2.1,2,1,13.88,93.7,5.8
19,Female,166,167,58,1.33,1111.0,HIIT,29.8,2.3,3,2,27.34,141.1,5.0
41,Female,182,165,58,1.19,884.0,Cardio,31.9,1.6,3,1,13.98,96.56,5.9
47,Female,199,146,56,1.13,742.0,Strength,32.8,2.5,3,2,21.81,147.27,5.8
55,Female,188,167,51,1.37,1030.0,HIIT,25.2,2.2,2,1,26.96,165.79,5.5
19,Male,175,127,72,1.5,1048.0,Strength,28.9,3.7,4,2,28.41,196.21,5.9
38,Male,197,142,72,1.12,875.0,Cardio,25.7,3.1,2,1,22.95,158.51,5.9
50,Female,187,161,70,1.17,848.0,Yoga,33.1,2.5,2,1,25.16,156.53,5.6
29,Male,197,168,65,0.78,721.0,Yoga,28.1,3.4,2,1,38.16,266.54,5.1
39,Female,190,148,58,1.25,925.0,HIIT,26.9,1.9,4,2,22.51,141.76,5.6
42,Female,173,169,62,1.42,1080.0,Yoga,26.1,1.8,3,2,21.78,140.43,5.7
44,Male,192,139,68,0.73,502.0,HIIT,27.2,2.7,2,1,20.12,143.74,5.1
59,Male,168,135,69,1.48,989.0,Strength,21.6,2.8,4,2,17.6,118.83,5.8
45,Male,186,136,66,1.64,1104.0,HIIT,14.2,3.5,5,3,24.54,187.17,6.1
33,Female,183,135,55,1.29,871.0,HIIT,32.3,1.8,3,2,27.64,171.96,5.6
32,Male,172,138,53,1.27,964.0,HIIT,28.4,3.5,3,1,33.4,238.54,5.1
20,Female,185,127,50,1.03,654.0,Yoga,28.0,2.2,4,2,28.31,144.18,4.11
54,Female,188,157,67,1.48,1046.0,HIIT,28.2,2.7,2,1,19.37,110.67,5.3
24,Female,187,157,68,1.04,816.0,Cardio,31.7,2.5,2,1,25.83,129.85,4.11
38,Male,187,148,58,1.52,1237.0,HIIT,10.2,3.5,5,3,27.84,179.46,5.7
26,Male,167,160,62,1.32,1162.0,Strength,27.3,2.9,3,1,42.63,281.31,5.8
56,Female,182,155,57,1.26,879.0,Cardio,33.4,2.6,4,2,24.37,130.73,5.1
35,Male,188,145,72,1.34,1069.0,Strength,24.2,2.9,3,2,33.14,213.63,5.7
21,Male,164,150,62,1.3,1072.0,Strength,27.6,3.5,4,2,19.11,138.01,5.11
42,Male,166,163,64,1.31,1057.0,Strength,21.7,2.6,3,2,17.77,100.31,5.2
31,Female,195,131,60,1.48,969.0,Cardio,28.2,2.0,2,1,21.4,107.59,4.11
26,Female,186,136,61,1.08,734.0,Cardio,34.7,2.0,3,1,17.3,97.66,5.2
43,Male,161,134,63,1.45,962.0,Yoga,29.9,2.9,4,2,33.8,249.56,6.0
19,Female,184,128,53,1.14,730.0,Cardio,30.1,2.2,2,1,23.93,133.38,5.2
37,Male,168,158,50,1.5,1304.0,HIIT,29.3,2.8,2,1,40.1,273.81,5.9
45,Male,186,161,73,1.2,956.0,Strength,25.2,2.5,3,1,15.31,115.52,6.0
24,Male,160,167,53,0.84,772.0,Yoga,22.9,3.6,3,1,18.07,120.59,5.8
25,Male,182,131,68,1.41,1016.0,Cardio,22.7,3.0,2,1,23.17,194.23,6.4
52,Female,169,151,58,1.23,836.0,Strength,34.3,2.0,3,1,20.42,131.62,5.7
31,Female,184,144,59,1.03,742.0,Cardio,26.7,2.3,4,2,33.61,175.71,5.0
34,Female,162,158,53,1.42,1122.0,Yoga,30.8,2.4,3,2,19.43,112.44,5.3
53,Male,165,137,69,1.67,1133.0,Cardio,12.8,3.5,5,3,27.18,185.63,5.9
57,Male,165,134,58,1.13,750.0,Cardio,27.4,3.6,3,1,34.18,269.18,6.2
21,Male,161,151,62,1.26,1046.0,Strength,25.0,2.8,3,1,32.69,213.19,5.7
19,Female,177,125,61,0.81,506.0,HIIT,27.7,1.6,3,1,22.78,160.94,5.1
23,Male,182,163,60,1.47,1318.0,Cardio,21.7,2.7,4,2,44.84,253.09,5.2
59,Female,161,162,61,1.4,1021.0,Yoga,31.2,2.1,3,2,28.35,144.4,4.11
21,Female,171,154,67,1.08,832.0,Cardio,32.2,2.6,3,1,21.77,110.89,4.11
46,Female,181,153,61,1.67,1150.0,Cardio,17.8,2.7,4,3,20.86,134.48,5.7
35,Female,196,157,65,0.56,440.0,HIIT,32.4,2.0,2,1,16.99,98.33,5.3
43,Female,179,124,54,1.04,580.0,Strength,26.4,2.6,3,2,22.45,128.31,5.3
51,Female,198,137,69,1.08,666.0,Yoga,33.8,2.1,4,2,16.86,98.77,5.4
27,Male,183,135,74,1.75,1299.0,Strength,12.9,3.5,5,3,32.93,192.9,5.4
53,Male,179,127,61,1.23,773.0,Strength,21.3,3.7,3,2,17.11,114.2,5.8
31,Female,160,144,70,1.97,1418.0,Strength,17.3,2.7,5,3,22.28,141.98,5.6
48,Female,160,151,74,0.62,421.0,Cardio,33.4,1.5,2,1,25.89,147.93,5.3
32,Male,176,145,60,1.99,1587.0,HIIT,14.5,3.5,5,3,33.55,189.38,5.2
25,Female,160,141,58,0.89,627.0,Cardio,27.6,2.6,3,1,20.88,144.18,5.9
31,Female,189,150,67,1.81,1358.0,Yoga,18.6,2.7,4,3,19.72,134.7,5.9
40,Male,162,162,74,1.32,1176.0,HIIT,21.0,3.6,4,2,39.12,234.79,5.4
57,Female,170,129,52,1.73,1004.0,Strength,15.2,2.7,5,3,27.7,141.1,4.11
38,Female,183,131,69,1.47,963.0,HIIT,30.6,2.7,3,2,25.89,135.36,5.0
33,Female,181,147,66,1.07,786.0,Yoga,31.9,1.5,4,2,15.24,89.29,5.4
35,Male,185,125,63,1.08,743.0,Cardio,28.0,2.3,3,2,21.88,154.54,5.1
41,Male,172,139,50,1.13,777.0,Cardio,23.4,3.1,4,2,35.86,207.45,5.3
43,Male,160,124,66,1.08,663.0,Strength,20.1,2.0,3,1,16.76,122.36,5.11
42,Female,183,142,74,1.37,875.0,Cardio,29.8,1.6,3,1,18.15,118.39,5.7
58,Female,169,128,57,0.63,363.0,Cardio,25.2,1.8,2,1,21.58,145.73,5.8
46,Male,194,148,54,1.18,864.0,Yoga,20.9,2.9,2,1,33.16,229.06,5.9
32,Female,183,135,54,1.87,1262.0,HIIT,16.6,2.7,5,3,24.72,136.03,5.2
18,Female,187,165,58,1.2,990.0,Cardio,29.4,2.2,2,1,17.27,115.3,5.8
42,Female,195,141,52,1.78,1129.0,Yoga,16.4,2.7,5,3,19.65,131.17,5.8
24,Female,175,127,68,0.86,546.0,Yoga,30.8,1.5,3,1,23.53,160.72,5.9
26,Female,199,139,72,1.08,751.0,Strength,25.6,1.7,2,1,28.87,169.09,5.4
41,Male,175,133,58,1.13,744.0,Yoga,21.4,2.8,3,2,21.53,158.95,6.0
18,Female,176,158,71,1.27,1003.0,Strength,32.0,2.2,4,2,19.42,120.81,5.6
25,Male,174,156,67,1.34,1150.0,Cardio,21.4,2.3,3,2,29.71,231.49,6.2
41,Female,175,169,65,1.45,1103.0,Strength,31.4,2.0,4,2,22.89,121.25,5.1
28,Male,174,153,50,1.09,917.0,Yoga,20.5,3.5,4,2,29.61,179.9,5.5
34,Female,193,130,51,0.64,416.0,HIIT,29.1,2.7,2,1,29.53,166.67,5.2
25,Male,170,159,63,1.93,1688.0,HIIT,10.9,3.5,4,3,31.44,179.68,5.3
52,Female,160,152,63,1.8,1231.0,Cardio,15.5,2.7,4,3,21.53,135.58,5.6
52,Male,174,150,50,1.26,936.0,Cardio,25.7,3.7,3,2,27.85,163.14,5.4
50,Female,185,163,74,1.26,924.0,HIIT,34.3,2.6,3,1,22.31,124.34,5.2
22,Male,163,153,65,1.25,1052.0,Strength,20.5,2.7,3,2,30.3,226.19,6.0
59,Female,164,169,64,0.58,441.0,Cardio,29.2,2.3,3,1,22.15,120.37,5.1
56,Male,194,126,64,1.29,805.0,Yoga,27.1,2.7,2,1,40.71,284.4,5.1
58,Male,172,168,61,1.33,1106.0,Cardio,24.6,3.1,3,1,37.56,228.18,5.5
45,Female,169,142,65,1.15,735.0,Strength,33.1,1.9,4,2,26.05,130.95,4.11
24,Female,170,165,63,1.97,1625.0,Cardio,15.9,2.7,4,3,18.76,132.5,5.1
26,Male,177,126,73,1.16,804.0,Yoga,29.6,3.0,3,2,29.61,171.3,5.3
25,Female,193,144,64,1.49,1073.0,Yoga,28.9,2.1,4,2,15.7,90.83,5.3
29,Male,198,122,72,1.2,805.0,Yoga,23.4,2.0,3,2,22.61,129.19,5.3
51,Male,182,157,64,0.54,420.0,Strength,28.7,3.3,3,1,34.5,240.96,5.1
50,Male,166,139,68,0.97,667.0,Strength,25.6,2.0,3,1,18.12,153.44,6.5
40,Female,198,153,57,1.79,1369.0,Yoga,17.6,2.7,5,3,17.54,123.9,5.1
41,Male,162,168,51,0.51,424.0,Yoga,27.3,2.5,2,1,18.66,158.07,6.5
54,Male,171,163,51,1.74,1404.0,Strength,12.9,3.5,5,3,23.09,189.6,6.3
52,Female,166,163,59,1.39,1020.0,Strength,26.6,1.5,3,2,31.41,175.05,5.2
57,Female,185,149,52,1.01,677.0,Strength,31.7,2.0,4,2,29.87,172.84,5.3
39,Female,192,136,72,1.44,979.0,HIIT,26.3,1.6,3,2,21.64,122.14,5.2
44,Female,196,129,66,1.41,819.0,Strength,33.1,2.6,4,2,25.68,136.03,5.1
52,Male,174,154,57,1.78,1357.0,Yoga,14.9,3.5,4,3,25.81,188.5,5.11
18,Male,161,139,72,1.72,1315.0,HIIT,11.9,3.5,4,3,23.52,193.12,6.3
52,Male,166,137,53,1.01,685.0,Strength,24.4,2.7,4,2,27.85,181.66,5.7
54,Male,191,164,63,0.55,446.0,Yoga,20.5,2.8,3,1,23.74,147.71,5.6
31,Female,163,163,70,1.09,888.0,Cardio,25.1,1.9,3,2,16.52,93.26,5.2
20,Male,179,146,59,1.69,1357.0,HIIT,14.6,3.5,5,3,20.88,182.32,6.6
18,Male,195,168,50,1.41,1303.0,Yoga,21.3,3.1,2,1,30.52,203.71,5.8
22,Female,191,155,53,1.02,790.0,Cardio,29.5,2.4,4,2,26.65,139.33,5.0
43,Male,187,142,50,1.22,858.0,Yoga,28.2,3.1,4,2,24.16,182.32,6.0
31,Male,172,151,66,1.29,1071.0,Strength,28.9,3.3,3,2,27.96,190.92,5.9
56,Male,160,129,66,1.0,639.0,Strength,25.2,3.5,2,1,34.06,285.5,6.4
44,Male,194,130,56,1.28,824.0,Cardio,25.7,3.5,4,2,29.26,216.05,6.0
26,Male,189,157,72,1.97,1701.0,Strength,13.3,3.5,5,3,30.54,190.04,5.6
32,Male,195,125,69,1.28,880.0,Yoga,29.6,3.1,3,1,29.95,173.28,5.3
32,Female,184,160,64,0.51,408.0,Cardio,31.0,1.8,2,1,21.41,130.07,5.5
43,Female,175,166,62,1.98,1479.0,Yoga,17.8,2.7,4,3,17.88,126.32,5.1
59,Male,178,153,51,0.66,500.0,Yoga,20.1,3.1,3,1,34.24,269.63,6.2
30,Male,160,155,68,1.61,1373.0,Yoga,10.4,3.5,5,3,22.43,188.05,6.4
49,Female,164,156,73,1.24,870.0,Strength,30.8,2.1,3,2,14.93,99.65,5.8
56,Male,181,136,62,0.68,458.0,Strength,29.4,3.2,3,1,15.08,122.58,6.3
49,Male,183,159,73,1.91,1503.0,Yoga,14.3,3.5,5,3,21.78,182.54,6.4
21,Male,196,159,60,1.38,1207.0,HIIT,29.8,3.4,3,2,45.43,276.02,5.5
47,Female,195,131,71,1.42,837.0,Yoga,30.3,2.4,4,2,18.26,128.97,5.1
54,Male,195,140,64,1.17,811.0,Yoga,27.9,3.4,2,1,22.64,189.82,6.4
40,Female,163,159,59,1.31,1041.0,Cardio,33.4,1.6,3,2,24.5,139.99,5.3
56,Male,195,138,58,0.66,451.0,Yoga,26.5,2.1,2,1,24.55,152.78,5.6
32,Female,177,122,58,1.24,756.0,Strength,28.4,1.8,2,1,26.86,155.43,5.3
46,Female,175,137,69,1.69,1042.0,Cardio,17.3,2.7,4,3,22.08,132.5,5.4
53,Male,177,138,50,0.89,608.0,HIIT,28.6,3.5,3,1,24.75,207.45,6.4
30,Female,181,166,66,1.26,1046.0,Cardio,28.0,2.5,4,2,30.18,174.61,5.3
49,Male,161,125,61,1.38,854.0,HIIT,29.2,3.2,2,1,31.61,254.19,6.3
24,Female,180,135,59,1.42,958.0,Cardio,27.3,2.3,4,2,19.63,138.67,5.1
39,Male,195,127,54,0.97,678.0,Cardio,27.5,3.2,3,1,23.05,136.69,5.4
45,Male,198,167,67,1.53,1265.0,HIIT,13.2,3.5,4,3,27.93,195.11,5.1
19,Female,198,137,64,1.28,877.0,Strength,32.5,2.6,3,2,23.59,162.92,5.9
59,Male,188,167,55,1.07,885.0,Strength,24.4,3.4,3,1,13.23,110.89,6.4
23,Male,185,162,56,0.7,624.0,Strength,29.3,3.1,3,1,25.65,183.2,5.1
45,Female,180,158,66,1.46,1038.0,Cardio,31.3,2.3,3,1,20.55,143.52,5.1
45,Male,176,168,55,1.46,1214.0,Yoga,22.9,2.4,3,2,14.54,102.74,5.1
37,Male,175,168,57,0.54,499.0,Cardio,26.4,3.1,2,1,28.97,228.18,6.2
47,Female,190,131,61,1.95,1150.0,Yoga,16.4,2.7,4,3,26.1,136.47,5.0
28,Female,168,164,70,1.32,1082.0,Yoga,27.9,2.0,3,2,20.06,114.64,5.3
45,Male,190,129,63,0.83,530.0,Strength,24.0,2.3,2,1,38.78,250.0,5.7
42,Male,173,126,61,1.42,886.0,Yoga,28.5,3.4,4,2,16.04,138.67,6.5
56,Female,196,165,72,1.23,913.0,Cardio,30.0,2.1,4,2,12.47,89.07,5.1
50,Female,161,120,59,0.67,362.0,Cardio,31.8,2.7,3,1,21.91,147.93,5.8
18,Male,173,168,71,1.3,1201.0,Strength,23.9,2.5,2,1,27.01,154.32,5.3
44,Female,192,155,69,1.02,711.0,HIIT,27.6,2.1,3,1,22.69,153.22,5.8
30,Male,194,140,64,1.08,832.0,Cardio,29.5,2.8,3,2,39.16,237.88,5.5
58,Male,198,156,56,1.49,1151.0,Yoga,26.0,2.2,3,2,29.88,240.3,6.3
20,Male,179,143,58,1.36,1070.0,Cardio,29.3,2.7,3,2,27.69,222.67,6.3
56,Male,161,144,59,1.57,1119.0,Cardio,11.0,3.5,4,3,25.86,195.11,6.0
23,Male,178,126,59,1.55,1074.0,Cardio,10.7,3.5,4,3,24.97,178.35,5.1
25,Female,196,161,65,1.04,837.0,HIIT,33.6,1.8,4,2,16.42,95.02,5.3
44,Female,177,136,56,1.58,967.0,Yoga,18.4,2.7,5,3,25.58,130.29,4.11
26,Female,175,148,54,1.14,844.0,Strength,26.9,1.7,3,1,23.07,119.05,5.0
54,Female,163,149,72,1.27,852.0,Cardio,27.7,1.8,2,1,22.82,159.39,5.1
50,Male,171,126,52,0.92,574.0,Yoga,28.0,2.4,2,1,13.03,112.66,6.5
59,Male,188,152,67,1.08,813.0,Yoga,24.5,3.2,3,1,30.22,197.09,5.7
41,Male,166,126,60,1.09,680.0,Strength,26.7,2.1,4,2,15.9,113.54,5.1
32,Male,173,143,64,1.52,1195.0,Cardio,11.6,3.5,5,3,24.87,193.79,6.2
49,Female,171,130,70,1.1,644.0,HIIT,28.8,2.2,3,1,18.18,92.59,4.11
49,Male,194,128,69,1.46,925.0,Yoga,29.9,3.3,3,1,26.77,174.61,5.7
41,Male,164,131,54,1.2,778.0,Strength,22.5,2.8,3,2,22.16,142.86,5.7
58,Female,176,154,73,1.58,1095.0,HIIT,17.5,2.7,4,3,19.88,138.89,5.1
29,Female,191,123,61,0.68,418.0,Yoga,33.4,2.6,3,1,17.94,123.9,5.9
56,Female,169,155,53,1.1,767.0,Cardio,27.4,2.3,3,2,19.67,116.62,5.4
19,Female,176,147,64,1.05,772.0,Yoga,29.2,2.4,3,1,17.16,108.03,5.6
20,Male,164,132,58,0.83,603.0,HIIT,26.2,2.3,3,1,37.87,282.63,6.0
54,Male,168,142,56,1.54,1082.0,HIIT,12.4,3.5,5,3,24.16,184.31,6.1
34,Female,192,138,59,1.81,1249.0,Cardio,17.3,2.7,5,3,17.94,123.9,5.9
19,Male,195,161,72,1.28,1133.0,Cardio,23.6,3.3,2,1,27.71,193.57,5.1
19,Male,195,156,62,1.66,1424.0,Strength,12.9,3.5,4,3,25.1,189.38,6.0
45,Male,177,158,57,1.44,1126.0,Cardio,26.2,3.4,4,2,14.61,112.66,6.1
40,Female,168,143,61,1.87,1337.0,Strength,18.3,2.7,5,3,19.63,126.55,5.7
54,Male,188,135,71,1.2,802.0,HIIT,20.7,2.6,4,2,31.17,253.31,6.3
49,Female,173,152,73,1.37,937.0,HIIT,31.3,1.8,3,2,22.54,136.91,5.5
50,Male,184,131,68,1.09,707.0,Yoga,29.5,2.7,4,2,15.65,125.88,6.3
18,Male,174,153,50,1.1,926.0,Yoga,25.4,3.3,4,2,21.02,150.13,5.1
36,Male,165,126,65,1.23,852.0,Strength,27.2,2.7,3,1,25.42,152.56,5.4
19,Female,188,130,71,1.23,800.0,Cardio,30.6,2.4,3,1,28.22,143.74,4.11
43,Male,174,150,66,1.33,988.0,Cardio,28.5,2.2,2,1,36.29,239.42,5.8
49,Female,188,148,74,1.03,686.0,Yoga,34.3,2.5,3,2,14.69,88.18,5.4
23,Female,163,132,67,0.56,370.0,HIIT,26.8,1.8,3,1,16.78,92.37,5.2
49,Female,177,150,60,1.45,979.0,Strength,29.4,1.8,4,2,29.56,150.58,4.11
21,Male,198,121,67,1.71,1138.0,HIIT,12.0,3.5,4,3,34.53,194.89,5.2
28,Male,175,158,56,1.18,1025.0,HIIT,24.1,3.0,3,1,18.28,145.5,6.2
34,Male,170,134,67,1.26,929.0,Cardio,21.3,2.1,4,2,26.73,158.51,5.4
55,Male,173,130,57,1.03,663.0,Strength,28.1,2.0,4,2,25.85,166.67,5.7
41,Female,162,153,55,1.84,1267.0,HIIT,15.2,2.7,5,3,25.08,139.77,5.2
22,Female,197,158,56,1.49,1177.0,Yoga,30.3,1.8,3,1,22.85,157.85,5.9
51,Female,177,123,72,1.08,598.0,Yoga,31.6,2.1,4,2,18.32,126.55,5.9
23,Male,179,130,71,1.79,1280.0,Cardio,11.0,3.5,4,3,21.16,184.75,6.6
39,Female,184,148,59,1.95,1443.0,Yoga,19.5,2.7,5,3,19.12,123.24,5.7
28,Male,197,121,60,1.2,799.0,Yoga,28.4,3.5,3,2,28.09,191.8,5.9
33,Female,172,135,74,1.18,796.0,HIIT,29.7,2.5,4,2,22.33,143.96,5.7
50,Male,163,158,62,1.37,1071.0,Yoga,24.1,2.8,4,2,16.28,100.09,5.5
26,Male,173,132,58,1.71,1241.0,Yoga,11.2,3.5,4,3,24.91,192.02,6.1
23,Female,192,156,56,1.47,1147.0,HIIT,32.3,1.5,4,2,26.26,173.28,5.8
33,Female,187,136,58,1.08,734.0,Cardio,26.3,2.1,3,1,26.67,171.96,5.7
46,Female,196,140,62,1.83,1153.0,Cardio,18.4,2.7,4,3,24.78,127.87,5.0
20,Female,167,163,52,1.28,1043.0,Strength,33.4,2.3,3,2,24.96,157.19,5.6
37,Male,193,138,52,1.11,842.0,Yoga,22.3,2.6,3,2,16.22,108.25,5.8
53,Female,164,126,50,1.24,703.0,HIIT,33.7,1.6,3,1,28.76,172.62,5.4
36,Female,164,157,70,1.13,887.0,Strength,25.3,1.8,4,2,21.3,126.32,5.4
43,Female,190,127,69,1.28,732.0,Cardio,34.1,2.4,2,1,18.67,106.7,5.3
20,Male,168,132,51,1.35,980.0,Cardio,21.2,2.6,4,2,29.11,168.43,5.3
36,Male,191,156,74,1.19,1021.0,HIIT,26.5,3.4,2,1,35.18,242.95,5.9
37,Female,192,121,52,1.21,732.0,Strength,27.5,1.9,3,2,23.53,160.72,5.9
49,Male,162,160,64,1.87,1481.0,Strength,14.2,3.5,4,3,23.73,181.0,6.1
24,Female,189,130,73,0.63,410.0,HIIT,30.1,1.7,3,1,19.01,129.85,5.9
58,Male,171,143,55,1.57,1111.0,HIIT,10.7,3.5,4,3,23.51,181.22,6.1
50,Male,188,125,62,1.46,903.0,Strength,25.7,2.7,3,2,32.69,213.19,5.7
57,Male,162,145,70,1.8,1292.0,Cardio,12.0,3.5,5,3,23.53,179.46,6.1
56,Male,185,126,50,1.09,680.0,Yoga,26.6,2.8,3,2,36.02,237.66,5.8
35,Female,189,158,69,1.0,790.0,Cardio,33.8,1.5,4,2,25.07,145.06,5.3
57,Female,168,138,68,1.45,900.0,HIIT,29.1,1.6,4,2,28.15,151.02,5.1
18,Female,185,125,50,1.87,1169.0,Strength,16.4,2.7,4,3,25.28,140.88,5.2
28,Male,161,162,70,1.16,1034.0,Strength,20.1,2.3,3,2,29.07,168.21,5.3
45,Female,162,148,71,1.44,959.0,Yoga,30.7,1.6,3,1,16.35,98.11,5.4
42,Female,163,162,51,1.29,940.0,Strength,29.0,1.9,3,2,16.56,111.77,5.8
40,Female,184,158,64,1.55,1224.0,Yoga,16.9,2.7,4,3,21.26,121.47,5.3
48,Male,172,121,63,1.36,815.0,Cardio,21.8,3.6,4,2,28.43,162.48,5.3
47,Male,198,138,68,1.2,820.0,Cardio,24.3,2.9,4,2,17.75,122.58,5.9
59,Male,194,123,60,1.13,688.0,Strength,29.8,3.1,3,2,28.05,191.58,5.9
52,Female,182,125,64,1.6,900.0,Strength,16.5,2.7,4,3,21.36,132.94,5.6
24,Female,168,168,55,0.99,832.0,HIIT,31.0,1.9,2,1,15.02,89.07,5.4
33,Female,161,156,69,1.29,1006.0,HIIT,32.8,1.9,4,2,28.49,173.06,5.5
43,Male,190,147,58,0.82,597.0,Strength,27.5,2.0,2,1,34.68,226.19,5.7
19,Male,161,149,54,1.31,1074.0,Strength,23.3,2.9,2,1,30.37,244.27,6.3
18,Female,191,126,69,1.11,699.0,Cardio,31.1,2.1,2,1,19.01,134.26,5.1
29,Male,177,128,51,1.41,993.0,Strength,28.7,2.3,3,1,21.49,122.8,5.3
22,Male,172,144,55,1.16,919.0,HIIT,20.2,3.3,3,2,29.98,243.61,6.3
54,Male,164,152,67,0.77,579.0,Cardio,24.4,2.8,2,1,18.88,121.7,5.7
49,Male,169,120,72,1.4,832.0,Yoga,22.2,2.6,4,2,15.72,102.51,5.7
26,Female,184,125,68,0.81,506.0,HIIT,28.9,1.7,3,1,25.73,156.31,5.5
58,Male,193,137,58,1.09,739.0,HIIT,24.2,2.9,2,1,24.36,164.46,5.8
52,Male,196,129,70,0.93,594.0,Cardio,27.5,3.3,2,1,15.24,99.43,5.7
36,Male,189,147,73,1.33,1075.0,Yoga,20.9,2.5,3,1,25.23,220.24,6.6
33,Male,166,130,55,1.04,744.0,HIIT,25.1,2.4,3,2,45.14,257.94,5.3
20,Female,165,152,63,1.39,1056.0,Strength,30.6,2.1,4,2,25.36,167.33,5.8
37,Female,162,120,73,1.11,666.0,HIIT,29.9,1.7,3,2,26.47,156.97,5.4
41,Male,172,132,62,1.01,660.0,Cardio,27.3,3.1,4,2,26.64,173.72,5.7
50,Male,162,156,60,1.31,1012.0,Cardio,23.8,3.0,2,1,17.72,111.55,5.6
41,Male,185,139,61,1.69,1163.0,Cardio,14.7,3.5,4,3,25.75,181.88,5.1
28,Male,183,120,68,1.33,878.0,HIIT,24.8,2.1,4,2,33.86,239.2,5.1
25,Male,165,122,68,1.15,772.0,Yoga,25.7,2.1,3,2,12.73,110.01,6.5
53,Male,171,137,70,0.52,353.0,Strength,28.3,3.1,2,1,34.29,275.8,6.3
55,Female,195,160,68,1.06,763.0,Cardio,27.8,1.9,2,1,28.92,175.71,5.5
57,Male,161,133,73,0.96,632.0,Yoga,20.8,2.1,2,1,47.72,279.55,5.4
37,Female,170,150,62,1.31,982.0,Strength,32.1,2.4,3,1,22.15,120.37,5.1
52,Female,198,146,63,1.34,880.0,Cardio,29.8,1.9,3,2,20.16,105.38,5.0
42,Male,193,136,73,1.01,680.0,Strength,29.0,2.8,3,2,26.84,215.83,6.3
52,Female,185,165,67,1.36,1010.0,Strength,34.8,1.8,3,2,26.61,139.11,5.0
42,Female,177,148,61,1.07,713.0,Yoga,29.0,2.3,3,2,25.35,159.61,5.6
46,Female,180,155,53,1.52,1060.0,Strength,17.1,2.7,4,3,20.38,129.85,5.6
35,Female,195,156,59,1.03,803.0,Cardio,29.1,1.9,4,2,19.69,111.11,5.2
35,Female,199,145,66,1.63,1182.0,Yoga,16.6,2.7,5,3,25.39,141.54,5.2
19,Female,181,136,53,1.4,952.0,HIIT,32.8,2.7,2,1,18.77,129.63,5.9
52,Male,189,141,61,1.36,949.0,HIIT,27.6,3.2,3,1,40.09,231.93,5.3
33,Female,189,144,62,0.92,662.0,Yoga,29.8,1.7,3,1,20.4,101.19,4.11
58,Female,167,121,53,1.12,610.0,HIIT,25.4,2.0,3,2,24.54,143.74,5.4
53,Female,193,141,59,1.52,964.0,Strength,16.5,2.7,5,3,17.57,124.12,5.1
50,Male,168,124,74,0.81,497.0,Cardio,22.9,2.7,2,1,31.14,198.42,5.6
21,Female,179,123,52,1.97,1212.0,Strength,19.1,2.7,5,3,20.76,132.28,5.6
50,Male,199,155,64,1.48,1136.0,Yoga,20.9,2.9,2,1,17.61,113.54,5.7
31,Female,184,125,51,1.54,962.0,Cardio,19.0,2.7,4,3,23.46,139.11,5.4
38,Male,178,140,74,0.8,616.0,Yoga,26.7,3.4,2,1,29.21,201.72,5.9
37,Male,164,132,74,1.39,1009.0,Yoga,27.3,3.0,2,1,17.46,107.36,5.5
25,Female,170,156,66,1.35,1053.0,Yoga,29.3,1.6,3,2,23.75,127.43,5.1
24,Female,174,144,55,0.83,598.0,Strength,31.8,2.3,3,1,13.71,92.59,5.8
20,Male,167,145,57,0.63,502.0,Cardio,26.1,2.0,2,1,34.83,283.07,6.3
34,Female,178,158,52,1.47,1161.0,Cardio,32.7,2.4,3,1,30.1,163.58,5.1
50,Male,182,139,74,1.79,1232.0,Cardio,12.2,3.5,5,3,31.75,197.53,5.6
29,Male,186,152,67,1.36,1137.0,Strength,24.7,3.1,4,2,31.48,277.56,6.6
39,Male,199,133,71,0.81,593.0,HIIT,26.4,2.5,2,1,26.64,232.59,6.6
39,Male,191,155,50,1.1,938.0,Strength,21.1,2.5,4,2,32.32,205.91,5.6
47,Male,185,136,65,1.37,922.0,Strength,24.4,3.4,4,2,24.25,181.0,6.0
55,Female,186,140,56,0.9,567.0,Yoga,34.7,2.4,2,1,15.02,94.58,5.6
55,Male,178,165,52,1.13,923.0,Cardio,20.4,2.6,4,2,45.49,283.07,5.6
25,Male,188,135,72,1.42,1054.0,Cardio,23.2,2.5,2,1,29.26,247.8,6.5
44,Female,198,165,53,1.41,1047.0,HIIT,28.1,2.2,3,1,24.25,171.3,5.1
44,Male,192,135,58,1.4,936.0,HIIT,26.3,2.0,4,2,22.55,196.87,6.6
51,Female,178,139,54,1.4,876.0,Yoga,26.1,1.6,3,1,29.26,154.98,5.1
38,Female,196,148,68,1.07,792.0,Cardio,31.3,1.7,3,2,19.98,130.29,5.7
47,Female,178,147,64,1.48,979.0,HIIT,26.0,1.7,3,2,17.47,110.01,5.6
50,Male,192,127,57,0.53,333.0,HIIT,20.9,2.9,2,1,36.47,224.21,5.5
45,Male,175,143,55,1.03,729.0,Cardio,27.3,3.7,3,2,25.49,205.03,6.3
50,Male,182,122,67,0.77,465.0,Strength,23.2,3.1,2,1,34.14,192.68,5.2
22,Female,166,144,68,1.62,1166.0,HIIT,19.9,2.7,4,3,21.26,121.47,5.3
36,Male,185,138,73,1.3,987.0,Cardio,20.4,2.1,4,2,43.31,272.71,5.6
21,Female,191,152,64,1.94,1474.0,HIIT,17.2,2.7,4,3,24.87,135.14,5.1
52,Male,171,121,56,1.46,874.0,Yoga,21.1,2.9,3,2,19.21,159.39,6.4
34,Female,167,134,59,1.36,911.0,HIIT,28.5,2.1,2,1,29.56,152.56,5.0
45,Male,164,141,55,1.14,796.0,Cardio,30.0,2.2,4,2,31.4,179.46,5.3
47,Male,187,129,63,1.85,1181.0,HIIT,14.4,3.5,5,3,24.51,186.95,6.1
46,Male,164,137,66,1.43,970.0,Yoga,20.5,3.6,3,2,18.62,121.47,5.7
23,Female,185,141,58,1.67,1177.0,Yoga,17.8,2.7,5,3,18.62,130.07,5.1
52,Female,164,165,68,1.83,1359.0,HIIT,18.2,2.7,4,3,28.46,143.08,4.11
58,Male,181,168,54,1.01,840.0,HIIT,22.1,2.7,2,1,35.82,241.85,5.8
54,Male,174,146,72,0.81,585.0,Yoga,21.5,3.7,2,1,21.72,172.84,6.2
41,Female,172,132,56,1.4,832.0,Yoga,34.0,2.0,4,2,23.94,169.09,5.1
46,Female,187,152,68,1.0,684.0,Strength,34.7,2.2,4,2,24.34,139.11,5.3
48,Female,192,124,69,1.98,1105.0,Strength,20.0,2.7,4,3,25.2,138.67,5.2
52,Male,182,145,56,1.84,1321.0,Yoga,13.9,3.5,4,3,28.27,188.72,5.8
50,Female,192,132,73,1.25,742.0,HIIT,31.6,1.6,2,1,26.9,146.17,5.1
38,Male,177,146,51,1.37,1100.0,Cardio,23.5,2.8,3,1,15.8,135.14,6.5
49,Female,189,133,74,1.16,694.0,HIIT,26.7,1.8,4,2,16.2,97.22,5.4
40,Male,185,143,72,1.3,1022.0,HIIT,20.8,3.4,2,1,24.31,140.65,5.3
50,Female,175,122,65,1.85,1016.0,Strength,18.5,2.7,4,3,23.06,122.14,5.1
20,Female,172,166,62,1.04,863.0,Strength,32.8,2.4,3,2,29.92,164.69,5.2
35,Female,198,168,57,1.13,949.0,Strength,33.3,2.5,4,2,27.97,171.96,5.5
42,Female,192,149,55,1.14,764.0,Yoga,34.1,2.4,2,1,20.62,126.77,5.5
59,Female,185,154,55,1.03,714.0,Yoga,33.8,2.5,3,2,20.28,133.82,5.8
48,Male,160,167,58,1.48,1223.0,HIIT,30.0,2.3,3,2,22.79,152.12,5.8
20,Female,197,133,53,1.42,944.0,HIIT,27.4,2.0,4,2,23.92,167.11,5.1
57,Female,161,131,60,0.69,407.0,Cardio,32.6,2.3,3,1,28.49,166.89,5.4
41,Female,165,147,54,1.42,939.0,HIIT,30.9,2.3,3,2,26.47,156.97,5.4
49,Male,197,163,74,1.82,1468.0,HIIT,11.3,3.5,4,3,30.12,187.39,5.6
39,Female,183,148,66,1.22,903.0,Strength,34.8,2.4,2,1,26.13,140.21,5.1
40,Male,177,162,69,0.81,722.0,Strength,29.0,2.4,2,1,19.45,161.38,6.4
19,Female,186,136,56,0.96,653.0,Strength,26.3,1.6,2,1,20.91,106.48,4.11
44,Female,167,159,64,1.49,1066.0,Strength,25.3,2.6,3,2,13.51,94.36,5.1
59,Male,187,168,74,1.35,1123.0,Strength,26.9,3.0,3,2,28.44,194.23,5.9
19,Female,169,140,64,1.2,840.0,Cardio,31.0,1.7,4,2,23.64,159.61,5.8
43,Male,176,142,63,1.17,822.0,Cardio,29.4,3.3,3,1,20.71,161.38,6.2
34,Male,188,139,62,1.42,1086.0,Cardio,22.3,3.6,2,1,31.94,243.61,6.1
57,Female,165,130,60,1.44,842.0,Strength,25.8,1.7,3,2,14.88,101.63,5.9
50,Male,173,153,62,1.07,810.0,Yoga,22.6,3.4,4,2,31.05,200.18,5.7
26,Female,181,129,71,1.7,1096.0,Strength,15.1,2.7,5,3,26.01,130.73,4.11
56,Female,165,129,73,0.83,482.0,Strength,25.4,2.6,3,1,15.07,99.43,5.8
46,Male,185,162,58,1.48,1187.0,Cardio,29.1,3.6,3,2,14.36,99.21,5.9
59,Male,198,125,59,1.43,885.0,Strength,23.5,3.6,3,2,34.06,197.09,5.3
43,Male,171,155,53,1.14,875.0,Cardio,24.1,2.9,3,2,44.71,281.53,5.6
52,Male,194,143,66,1.31,927.0,Strength,20.2,2.6,3,2,23.97,156.31,5.7
42,Female,173,131,63,1.15,678.0,HIIT,27.7,1.5,3,2,21.87,108.47,4.11
41,Female,181,162,73,1.99,1451.0,Yoga,19.0,2.7,5,3,19.44,137.35,5.1
30,Male,182,142,67,0.64,500.0,Yoga,26.2,2.1,2,1,18.33,141.32,6.1
24,Female,166,146,60,1.41,1029.0,Cardio,32.5,2.0,3,1,22.76,153.66,5.8
53,Female,199,164,65,1.49,1100.0,HIIT,29.5,2.0,3,2,22.51,125.44,5.2
37,Female,184,156,50,1.13,881.0,Yoga,28.1,1.7,4,2,18.13,116.84,5.7
18,Female,172,125,56,0.84,525.0,Cardio,29.8,2.0,3,1,30.26,160.28,5.1
25,Male,180,120,59,0.67,442.0,Strength,23.2,2.3,3,1,19.91,168.65,6.5
33,Male,169,125,58,1.38,949.0,Strength,28.4,3.4,2,1,28.69,250.44,6.6
31,Female,168,169,74,1.56,1318.0,HIIT,16.5,2.7,4,3,23.81,137.79,5.3
29,Male,174,141,52,0.64,496.0,Yoga,26.6,2.5,2,1,27.52,209.88,6.1
40,Male,161,160,71,0.9,792.0,Strength,21.4,3.0,3,1,15.61,113.98,5.11
32,Male,184,143,72,0.57,448.0,Cardio,26.9,2.9,3,1,37.76,232.15,5.5
45,Female,172,144,63,1.37,888.0,Strength,34.1,1.6,3,1,25.23,156.97,5.6
51,Female,193,134,74,0.92,555.0,Strength,31.1,2.6,3,1,34.25,172.18,4.11
19,Female,193,145,64,1.21,877.0,Yoga,30.6,2.1,3,2,17.93,111.55,5.6
49,Male,194,127,51,0.7,440.0,Yoga,29.6,2.6,3,1,19.65,154.76,6.2
40,Female,197,143,73,1.93,1380.0,Cardio,18.1,2.7,5,3,26.74,138.01,5.0
39,Female,162,167,63,0.92,768.0,HIIT,27.6,1.7,3,1,22.26,133.6,5.4
42,Male,165,157,65,1.14,886.0,HIIT,22.9,2.6,3,2,19.69,168.43,6.5
39,Female,178,125,56,1.88,1175.0,Strength,18.5,2.7,4,3,21.65,139.55,5.7
39,Female,162,154,53,1.33,1024.0,Cardio,32.4,1.5,3,2,25.51,151.24,5.4
59,Male,177,161,67,1.3,1036.0,HIIT,23.0,2.6,4,2,34.89,271.83,6.2
23,Male,198,120,73,1.35,891.0,HIIT,23.5,2.9,2,1,28.43,235.89,6.4
32,Male,168,165,54,1.42,1289.0,Strength,29.9,3.5,2,1,18.53,150.58,6.3
54,Female,171,155,55,1.19,830.0,Cardio,26.0,2.3,4,2,18.67,105.38,5.2
50,Female,164,131,56,1.6,943.0,HIIT,17.0,2.7,4,3,18.23,128.75,5.1
25,Female,162,157,64,1.43,1123.0,Yoga,25.6,1.6,3,2,25.41,163.8,5.7
22,Male,170,130,50,1.0,715.0,Yoga,28.2,2.3,4,2,32.24,235.45,5.11
56,Male,189,131,73,1.26,817.0,Strength,20.9,2.7,4,2,38.73,276.68,5.1
21,Female,163,161,53,1.37,1103.0,Strength,31.7,1.7,4,2,22.98,121.7,5.1
23,Female,164,169,74,1.25,1056.0,Strength,25.6,1.5,2,1,24.13,157.41,5.7
49,Male,160,158,50,1.03,806.0,Strength,26.7,3.4,3,2,29.98,171.3,5.3
47,Male,186,126,60,1.86,1160.0,HIIT,14.2,3.5,5,3,34.53,194.89,5.2
52,Male,187,130,67,0.93,598.0,Cardio,24.0,2.0,2,1,26.46,231.04,6.6
57,Male,188,155,63,1.15,882.0,Strength,25.2,3.4,4,2,28.78,181.22,5.6
33,Female,177,150,71,0.85,638.0,Strength,29.0,1.7,2,1,22.27,150.36,5.8
30,Male,171,152,60,1.37,1145.0,HIIT,23.0,3.7,3,2,23.08,201.5,6.6
59,Female,172,132,59,1.22,725.0,Strength,33.0,2.2,2,1,15.46,92.81,5.4
47,Female,161,137,66,1.37,845.0,Strength,27.7,2.4,3,2,22.18,151.46,5.9
36,Female,196,160,53,1.5,1200.0,Cardio,32.2,1.6,4,2,15.59,104.06,5.8
34,Male,175,143,73,0.73,574.0,Yoga,22.1,3.5,3,1,29.7,202.83,5.9
36,Male,183,128,64,1.09,767.0,Strength,22.5,3.4,4,2,14.78,123.9,6.4
45,Male,194,150,65,1.31,973.0,HIIT,23.4,3.1,4,2,19.74,128.75,5.7
43,Male,181,160,70,1.9,1505.0,Cardio,12.9,3.5,5,3,21.8,182.76,6.4
54,Female,195,129,62,1.24,720.0,HIIT,29.5,2.1,2,1,22.1,147.49,5.8
43,Male,170,121,58,1.18,707.0,Cardio,27.5,3.2,2,1,19.37,146.17,6.0
40,Male,188,157,60,1.38,1192.0,Cardio,22.1,2.0,3,1,25.13,206.35,6.3
26,Female,194,134,60,1.93,1293.0,Strength,15.1,2.7,5,3,28.49,141.32,4.11
29,Male,174,122,55,1.52,1020.0,Strength,13.9,3.5,4,3,33.04,191.14,5.3
18,Female,190,162,50,1.23,996.0,Strength,33.2,2.2,4,2,24.52,136.69,5.2
18,Female,175,150,71,1.9,1425.0,Yoga,15.3,2.7,4,3,22.41,128.09,5.3
51,Female,169,125,55,1.49,838.0,Yoga,31.1,2.5,4,2,25.35,143.08,5.2
49,Female,191,122,62,1.14,626.0,HIIT,28.8,1.9,4,2,26.41,152.78,5.3
42,Female,161,130,71,1.04,608.0,Strength,32.9,1.6,3,1,14.1,94.14,5.8
57,Female,183,134,73,1.2,724.0,Yoga,33.7,2.0,4,2,19.35,113.32,5.4
18,Female,182,164,71,0.6,492.0,Strength,33.5,2.4,3,1,26.33,148.59,5.2
33,Female,161,147,54,1.77,1301.0,Yoga,18.9,2.7,4,3,21.45,122.58,5.3
56,Male,197,129,64,1.0,639.0,Yoga,22.7,2.2,3,2,36.22,276.24,6.1
22,Male,190,157,67,1.48,1278.0,Cardio,28.1,2.4,4,2,29.83,225.09,6.0
39,Male,199,166,69,1.32,1205.0,Strength,25.3,2.3,3,1,19.76,136.47,5.9
46,Male,185,169,63,1.4,1171.0,Strength,20.5,3.4,3,1,40.45,239.86,5.4
20,Female,188,169,64,0.5,422.0,Yoga,29.6,1.6,2,1,20.47,112.66,5.2
29,Male,162,126,54,1.45,1005.0,Strength,29.4,3.2,2,1,20.63,180.12,6.6
43,Female,173,134,53,0.73,440.0,Yoga,33.9,1.9,2,1,15.5,94.14,5.5
33,Male,184,137,51,1.59,1198.0,Strength,10.5,3.5,4,3,20.66,180.34,6.6
54,Male,160,137,56,1.28,868.0,Cardio,27.4,3.3,4,2,17.63,120.37,5.9
39,Male,162,160,59,0.72,634.0,Strength,28.1,3.6,2,1,30.47,237.44,6.2
46,Female,185,143,65,0.88,566.0,Cardio,27.7,1.6,3,1,22.23,125.44,5.2
31,Male,177,121,59,1.49,992.0,HIIT,24.7,2.5,4,2,26.95,173.72,5.7
45,Female,168,159,67,1.25,894.0,Strength,32.1,2.5,4,2,17.92,106.26,5.4
22,Female,197,139,66,1.27,883.0,Strength,29.4,1.8,3,2,20.05,111.77,5.2
47,Male,182,153,70,1.98,1500.0,Strength,10.6,3.5,4,3,21.87,190.92,6.6
22,Male,180,162,62,1.35,1203.0,Cardio,27.1,2.4,4,2,36.25,212.3,5.4
29,Male,160,145,50,1.65,1316.0,Strength,14.6,3.5,5,3,20.61,178.13,6.5
33,Female,180,126,50,1.84,1159.0,Strength,18.3,2.7,5,3,24.78,127.87,5.0
43,Male,186,157,64,1.28,995.0,Yoga,27.7,3.4,2,1,28.02,211.42,6.0
43,Female,165,149,50,1.86,1247.0,HIIT,16.8,2.7,5,3,24.64,135.58,5.2
38,Female,195,161,55,0.62,499.0,Cardio,26.8,2.7,2,1,12.67,89.51,5.1
56,Male,187,124,74,1.51,927.0,Yoga,13.2,3.5,5,3,23.59,181.88,6.1
53,Male,176,130,62,0.69,444.0,Cardio,23.3,2.9,3,1,31.04,231.71,6.0
50,Female,199,120,50,1.93,1042.0,Yoga,19.3,2.7,5,3,23.27,128.09,5.2
47,Female,162,153,54,1.54,1060.0,HIIT,15.6,2.7,5,3,19.69,134.48,5.9
54,Female,171,120,58,1.74,940.0,Yoga,17.2,2.7,4,3,27.55,142.2,5.0
40,Male,198,138,74,1.43,1085.0,Cardio,24.0,2.5,3,2,14.85,128.31,6.5
27,Female,171,121,66,0.94,569.0,Strength,34.4,2.0,3,1,22.44,153.22,5.9
22,Male,161,140,65,0.51,393.0,Strength,21.5,2.3,3,1,18.37,137.13,6.0
53,Female,181,139,57,1.06,663.0,HIIT,25.1,2.4,4,2,23.53,149.91,5.6
51,Female,182,142,66,1.43,914.0,Cardio,27.4,2.4,3,1,25.02,124.12,4.11
48,Male,189,140,64,1.01,700.0,Cardio,28.2,3.5,3,2,32.7,208.34,5.6
27,Female,164,143,73,1.39,994.0,Cardio,27.1,1.5,2,1,18.1,127.87,5.1
36,Male,168,123,50,1.8,1218.0,HIIT,11.2,3.5,5,3,22.32,185.19,6.4
49,Male,180,131,61,1.14,739.0,Strength,21.3,3.0,4,2,17.44,134.48,6.1
18,Female,170,141,54,1.98,1396.0,Yoga,18.6,2.7,5,3,27.68,142.86,5.0
22,Male,164,139,73,1.04,795.0,HIIT,20.7,2.4,3,1,14.59,100.75,5.9
21,Male,194,137,55,1.8,1356.0,Yoga,11.7,3.5,4,3,22.41,178.35,6.2
33,Female,186,120,74,1.58,948.0,Strength,16.4,2.7,5,3,24.13,141.32,5.4
41,Male,161,149,50,1.22,900.0,HIIT,25.6,2.6,3,2,21.39,147.71,5.9
33,Male,183,152,74,1.4,1170.0,Strength,27.3,3.3,4,2,41.6,234.79,5.2
19,Male,190,143,50,1.21,952.0,Yoga,25.3,2.3,4,2,27.79,209.66,6.0
45,Female,192,133,59,0.66,395.0,Cardio,34.3,2.3,2,1,26.57,144.4,5.1
49,Male,198,155,59,1.2,921.0,Cardio,29.5,3.1,3,2,39.3,233.03,5.4
44,Female,189,124,52,0.88,491.0,Yoga,28.6,2.6,2,1,15.5,105.82,5.9
37,Female,196,130,66,0.69,448.0,Cardio,32.8,2.4,2,1,30.89,153.22,4.11
41,Male,187,143,68,0.77,545.0,Yoga,27.4,3.4,2,1,23.14,145.73,5.6
29,Male,190,150,60,0.76,627.0,HIIT,28.9,2.9,2,1,23.53,149.91,5.6
52,Male,170,132,67,0.85,555.0,HIIT,24.5,2.3,2,1,15.88,110.89,5.1
50,Female,182,135,51,1.2,729.0,HIIT,30.3,2.0,2,1,24.55,152.78,5.6
50,Male,161,143,58,1.7,1203.0,Cardio,12.1,3.5,4,3,32.63,191.14,5.4
54,Male,199,132,73,1.35,882.0,Strength,28.5,2.9,3,2,33.45,277.56,6.4
29,Male,186,143,66,1.88,1479.0,Cardio,11.1,3.5,5,3,23.65,194.23,6.3
20,Male,194,145,63,1.25,997.0,Cardio,22.4,3.2,3,2,37.53,274.03,5.11
18,Male,161,121,53,0.88,586.0,Strength,23.7,3.0,3,1,18.12,136.69,6.0
50,Female,198,135,66,1.24,753.0,Strength,27.3,2.0,4,2,23.56,153.66,5.7
57,Female,196,157,66,1.31,926.0,Strength,30.6,1.8,3,2,26.36,134.26,4.11
27,Male,180,165,61,1.13,1025.0,Strength,21.3,2.3,2,1,19.71,168.65,6.5
46,Male,164,120,69,1.47,873.0,Cardio,23.2,3.2,3,2,28.59,208.78,5.11
30,Male,180,168,67,1.25,1155.0,Yoga,29.1,3.1,2,1,22.17,149.69,5.8
29,Male,188,130,52,1.31,937.0,HIIT,24.1,3.2,4,2,34.63,266.98,6.1
48,Female,179,154,60,1.46,1012.0,Yoga,32.5,1.9,4,2,26.58,157.63,5.4
19,Male,197,162,74,0.83,740.0,Cardio,21.1,2.4,2,1,34.12,217.38,5.6
52,Female,179,148,67,1.17,779.0,Strength,27.5,2.4,3,1,25.67,150.36,5.4
40,Female,184,156,53,1.18,920.0,HIIT,33.1,2.4,4,2,20.2,127.21,5.6
34,Male,161,136,66,1.41,1055.0,HIIT,27.6,2.8,3,2,46.9,274.7,5.4
43,Female,191,158,67,1.31,931.0,Yoga,28.9,2.2,3,1,28.88,160.94,5.2
25,Female,185,161,54,1.62,1304.0,Cardio,19.8,2.7,5,3,26.05,130.95,4.11
46,Female,165,147,63,0.7,463.0,Cardio,34.1,1.9,2,1,19.1,114.64,5.4
43,Female,162,148,59,1.33,886.0,Cardio,34.6,2.3,3,2,15.5,93.03,5.4
27,Male,192,162,64,1.82,1622.0,HIIT,12.1,3.5,4,3,33.2,196.87,5.4
43,Male,160,122,50,1.09,658.0,Yoga,22.0,3.4,3,1,35.51,242.51,5.9
51,Female,164,129,65,0.86,499.0,HIIT,31.3,2.3,3,1,26.52,145.95,5.2
58,Male,172,161,60,1.21,964.0,HIIT,26.8,2.9,2,1,21.27,129.19,5.5
24,Male,178,133,72,0.97,710.0,Strength,21.3,2.8,3,1,18.29,112.44,5.5
21,Male,171,131,69,0.97,699.0,Yoga,27.9,3.1,3,1,26.69,223.77,6.4
28,Male,184,166,55,1.05,959.0,Strength,20.2,3.2,3,2,32.66,251.77,6.1
46,Male,194,161,73,0.91,725.0,Cardio,24.8,2.9,2,1,18.39,119.93,5.7
53,Female,171,149,71,1.34,898.0,HIIT,28.3,2.2,3,2,21.26,115.52,5.1
42,Male,189,151,65,1.54,1151.0,Yoga,13.7,3.5,5,3,26.01,187.83,5.11
38,Male,164,151,51,1.66,1379.0,Cardio,11.6,3.5,5,3,27.61,184.31,5.8
53,Male,193,161,50,1.36,1084.0,Yoga,28.3,2.2,4,2,31.3,254.41,6.3
27,Male,181,151,73,0.74,615.0,HIIT,25.9,3.6,3,1,18.35,156.97,6.5
54,Female,198,145,73,1.1,718.0,Yoga,32.9,2.4,4,2,30.51,172.18,5.2
26,Female,172,120,58,1.07,642.0,Cardio,34.9,1.9,4,2,19.91,119.49,5.4
41,Female,162,161,71,1.27,920.0,Strength,31.8,2.2,4,2,25.05,171.08,5.9
52,Female,179,121,61,1.41,768.0,HIIT,34.8,1.6,3,1,16.8,97.22,5.3
52,Male,190,136,66,1.7,1144.0,Strength,10.1,3.5,5,3,26.39,188.5,5.1
53,Female,164,149,74,1.06,711.0,HIIT,28.4,1.5,4,2,15.43,105.38,5.9
35,Male,183,158,64,0.84,730.0,Cardio,21.1,2.4,2,1,27.23,225.97,6.4
56,Male,199,126,68,0.66,412.0,HIIT,22.6,3.2,2,1,32.69,260.15,6.2
49,Male,192,146,71,1.29,932.0,Strength,28.4,3.4,4,2,24.31,181.44,6.0
41,Male,167,128,59,1.87,1185.0,HIIT,10.2,3.5,5,3,23.33,179.9,6.1
40,Male,183,141,61,1.22,946.0,Cardio,25.2,3.0,3,2,17.03,132.72,6.2
49,Female,179,153,63,1.28,881.0,HIIT,30.7,2.1,3,2,20.75,108.47,5.0
54,Female,175,165,58,1.38,1025.0,Strength,30.6,2.0,2,1,20.71,102.74,4.11
29,Female,171,168,62,1.08,907.0,Cardio,29.8,1.7,4,2,23.22,151.46,5.7
30,Female,172,120,52,1.3,780.0,Strength,32.9,1.6,3,2,25.22,133.6,5.1
40,Male,198,128,70,0.87,612.0,HIIT,21.3,3.3,2,1,20.1,114.86,5.3
42,Female,184,139,63,0.61,382.0,Yoga,28.1,2.6,2,1,14.87,102.74,5.9
52,Male,191,138,70,1.48,1011.0,Strength,26.2,2.8,4,2,21.63,144.4,5.8
58,Female,183,155,59,1.08,753.0,HIIT,31.9,2.3,3,1,17.93,97.44,5.1
47,Male,168,159,65,1.44,1133.0,Yoga,24.0,3.6,3,2,26.32,196.43,6.0
34,Male,199,164,56,0.81,731.0,Yoga,28.8,2.2,2,1,25.11,145.28,5.3
37,Female,182,123,53,0.97,597.0,Cardio,29.2,2.4,2,1,22.56,122.58,5.1
42,Male,172,128,69,1.37,868.0,Yoga,24.0,3.0,2,1,16.25,140.43,6.5
39,Male,191,160,72,1.96,1725.0,Strength,10.2,3.5,5,3,26.02,190.04,5.11
30,Female,174,141,74,1.85,1304.0,Strength,17.8,2.7,4,3,22.28,130.51,5.4
36,Male,195,137,60,1.98,1492.0,Yoga,13.5,3.5,5,3,24.16,188.27,6.2
53,Female,164,131,65,1.41,831.0,HIIT,26.1,2.2,4,2,28.35,150.13,5.1
29,Female,181,161,69,0.85,684.0,Strength,28.1,1.9,2,1,22.86,132.28,5.3
58,Female,175,162,53,1.28,933.0,Strength,32.8,2.3,4,2,26.19,164.91,5.6
36,Male,169,158,71,1.38,1199.0,Cardio,23.7,3.4,4,2,33.17,199.08,5.4
29,Male,183,128,71,1.66,1169.0,HIIT,11.2,3.5,4,3,31.63,189.82,5.4
26,Male,177,125,72,0.93,639.0,Yoga,26.7,2.2,2,1,26.75,162.48,5.5
24,Female,177,138,66,1.42,980.0,HIIT,27.0,2.1,3,2,27.82,149.25,5.1
45,Male,166,167,62,1.29,1066.0,Cardio,29.0,2.2,3,1,20.38,172.62,6.5
31,Female,163,166,60,1.1,913.0,Cardio,26.1,2.5,2,1,17.7,106.26,5.4
48,Female,185,126,52,1.37,777.0,HIIT,32.1,2.1,4,2,24.91,125.22,4.11
36,Male,164,135,58,1.02,757.0,Cardio,25.0,3.4,4,2,42.3,247.8,5.4
33,Female,175,124,55,0.9,558.0,Cardio,33.7,1.9,3,1,21.16,130.07,5.5
22,Male,194,135,71,0.52,386.0,Cardio,21.3,2.2,2,1,27.84,216.93,6.2
52,Male,185,120,70,1.34,796.0,HIIT,26.8,2.1,4,2,25.98,146.61,5.2
29,Male,177,156,60,1.29,1107.0,Cardio,25.7,2.5,4,2,32.51,234.79,5.11
42,Male,188,158,65,1.68,1314.0,Yoga,12.4,3.5,4,3,23.73,194.89,6.3
38,Male,182,138,68,1.74,1321.0,Yoga,12.5,3.5,5,3,27.59,194.89,5.1
53,Female,173,156,54,1.37,962.0,Strength,32.2,1.8,3,2,17.6,117.51,5.8
40,Female,174,136,63,0.61,415.0,Yoga,34.4,2.2,2,1,23.87,128.09,5.1
33,Female,192,145,66,1.15,834.0,Strength,25.9,1.5,4,2,23.95,163.58,5.9
56,Male,184,141,52,1.01,705.0,HIIT,20.2,2.9,4,2,31.84,186.51,5.4
59,Male,180,127,53,0.72,453.0,Cardio,28.1,2.7,3,1,21.16,171.96,6.3
56,Male,176,152,65,1.77,1332.0,Yoga,10.5,3.5,5,3,31.53,196.21,5.6
31,Female,182,121,65,1.46,883.0,Strength,34.9,2.2,3,1,13.78,94.14,5.9
48,Male,176,149,70,1.9,1401.0,HIIT,13.1,3.5,5,3,25.33,184.97,5.11
22,Female,173,166,74,1.45,1204.0,Strength,31.5,2.3,3,2,34.06,173.5,4.11
52,Female,188,139,53,1.27,794.0,Cardio,27.0,2.3,4,2,28.52,145.28,4.11
40,Male,179,137,68,1.13,851.0,Yoga,22.4,3.7,4,2,20.86,169.54,6.3
46,Male,189,162,66,1.83,1467.0,HIIT,13.3,3.5,5,3,21.07,185.85,6.6
28,Female,178,129,62,1.1,710.0,Strength,34.1,1.7,3,2,24.37,137.57,5.2
35,Male,198,143,71,1.03,810.0,HIIT,29.8,2.7,4,2,21.04,140.43,5.8
29,Female,172,123,72,1.48,910.0,Strength,27.0,2.0,3,1,23.76,121.03,4.11
26,Male,177,156,73,1.17,1004.0,Strength,21.3,2.7,3,2,23.84,168.43,5.1
27,Male,182,123,50,1.34,907.0,Cardio,20.6,3.1,2,1,30.76,234.57,6.1
34,Female,192,132,61,1.37,904.0,Cardio,33.7,2.1,4,2,30.4,150.8,4.11
55,Male,198,144,53,1.36,969.0,Strength,22.9,2.9,4,2,18.35,139.99,6.1
24,Female,199,132,60,1.25,825.0,Yoga,25.0,2.0,3,2,26.4,130.95,4.11
30,Male,177,137,54,1.27,957.0,HIIT,22.2,3.7,3,1,31.08,250.0,6.3
57,Female,168,143,51,0.92,592.0,HIIT,28.4,2.6,3,1,26.79,136.47,4.11
59,Female,192,121,66,1.17,637.0,Cardio,34.9,1.9,3,2,25.05,155.87,5.6
26,Male,191,167,57,1.02,937.0,Yoga,25.2,2.2,2,1,30.89,245.82,6.2
44,Female,176,152,55,1.4,958.0,Strength,27.0,2.5,2,1,26.16,158.95,5.5
19,Male,178,138,70,0.61,463.0,Cardio,23.3,3.7,3,1,16.27,125.44,6.1
22,Male,186,128,58,1.91,1345.0,Strength,11.7,3.5,5,3,23.88,190.04,6.2
46,Male,165,147,62,1.16,844.0,Strength,20.2,2.5,4,2,21.05,130.95,5.6
54,Female,194,154,60,0.97,672.0,Cardio,26.4,1.9,3,1,25.55,166.67,5.7
55,Female,196,158,65,1.08,768.0,Yoga,32.0,2.6,3,1,25.49,168.21,5.8
36,Male,193,129,65,1.37,972.0,HIIT,21.2,3.2,3,1,27.69,211.2,6.1
25,Male,179,120,51,1.04,686.0,Cardio,22.3,2.5,3,2,36.01,265.88,6.0
18,Female,184,161,59,1.42,1143.0,Yoga,28.5,2.2,3,2,27.18,143.96,5.1
39,Male,163,140,61,0.77,593.0,Strength,27.6,3.6,2,1,23.88,188.05,6.2
34,Male,169,128,57,0.67,472.0,Cardio,25.8,3.4,2,1,24.09,149.91,5.6
24,Female,169,166,60,1.29,1071.0,HIIT,31.9,2.4,2,1,21.34,115.96,5.1
42,Male,183,134,59,1.32,876.0,HIIT,25.7,3.3,3,2,20.2,139.55,5.9
21,Female,180,154,62,1.14,878.0,Strength,31.8,1.7,3,2,28.03,168.21,5.4
53,Male,170,124,74,0.54,331.0,Cardio,20.0,3.4,3,1,22.96,134.48,5.4
23,Female,186,160,66,1.34,1072.0,HIIT,34.3,1.8,2,1,26.16,149.47,5.3
48,Male,175,141,56,1.36,949.0,Cardio,21.1,3.6,3,1,33.21,253.31,6.1
36,Male,185,160,73,1.87,1646.0,HIIT,12.0,3.5,5,3,30.09,194.01,5.7
56,Female,189,142,52,1.45,927.0,Strength,32.7,1.9,2,1,27.12,149.25,5.2
44,Male,175,126,69,1.35,842.0,Strength,24.4,3.5,4,2,36.46,275.14,6.0
27,Female,166,142,62,1.26,895.0,Cardio,34.5,1.8,4,2,21.23,116.84,5.2
43,Male,175,163,68,1.03,831.0,Yoga,24.7,2.9,3,1,17.32,134.92,6.2
36,Female,194,144,56,1.23,886.0,Yoga,33.7,1.6,3,1,17.25,107.36,5.6
56,Female,175,146,58,1.29,848.0,Strength,33.1,2.3,2,1,17.51,111.55,5.6
20,Female,199,160,68,1.27,1016.0,HIIT,34.8,2.5,3,2,24.26,160.06,5.8
30,Female,171,125,62,1.03,644.0,Yoga,34.3,2.4,4,2,28.93,155.21,5.1
45,Male,194,153,71,1.08,818.0,Strength,29.0,2.9,4,2,14.85,115.74,6.2
37,Male,180,128,57,1.36,957.0,HIIT,27.3,2.1,4,2,24.35,168.21,5.9
45,Female,195,168,71,1.47,1111.0,HIIT,28.7,2.6,2,1,16.5,90.83,5.2
25,Female,176,152,67,1.56,1186.0,Yoga,15.5,2.7,4,3,17.85,121.92,5.9
58,Female,191,125,72,1.38,776.0,Strength,31.9,2.3,4,2,17.82,109.57,5.5
56,Male,165,156,51,0.68,525.0,HIIT,29.8,3.3,3,1,13.81,106.48,6.1
18,Male,183,150,67,1.83,1510.0,HIIT,13.6,3.5,4,3,21.66,183.42,6.5
20,Male,186,153,67,1.01,850.0,Cardio,29.3,3.4,3,2,40.26,265.66,5.8
30,Male,179,160,60,1.24,1091.0,Cardio,28.0,3.3,4,2,30.4,268.08,6.6
45,Female,184,148,50,1.14,759.0,Yoga,26.6,2.0,4,2,23.84,160.94,5.8
42,Female,161,133,63,1.76,1053.0,Cardio,16.2,2.7,5,3,20.62,126.77,5.5
50,Female,168,155,65,1.41,983.0,Strength,28.4,2.4,4,2,18.24,94.14,5.0
55,Male,187,155,60,0.69,529.0,Yoga,21.7,3.1,3,1,43.4,286.38,5.8
23,Male,197,134,50,0.89,656.0,Yoga,25.8,3.5,2,1,29.46,239.42,6.3
49,Male,162,127,56,1.83,1150.0,Cardio,14.9,3.5,4,3,22.15,195.33,6.6
38,Female,179,145,65,1.25,906.0,HIIT,32.6,2.5,3,1,21.8,109.57,4.11
33,Female,165,155,63,1.06,822.0,Strength,29.2,1.5,3,1,23.78,124.34,5.0
38,Male,198,167,64,1.03,946.0,Strength,20.0,2.6,4,2,15.49,103.4,5.8
28,Female,192,140,63,1.46,1022.0,Strength,28.1,1.5,4,2,25.57,157.19,5.5
54,Male,160,147,70,1.14,830.0,Yoga,25.3,2.2,3,2,20.7,157.85,6.1
53,Male,196,123,60,1.87,1139.0,Strength,11.6,3.5,5,3,31.75,181.44,5.3
52,Female,165,135,65,1.36,826.0,HIIT,26.1,2.2,3,1,24.72,155.65,5.6
36,Male,193,141,68,0.84,651.0,HIIT,24.4,3.5,3,1,41.84,242.07,5.3
37,Female,174,131,66,0.54,354.0,Cardio,27.5,1.6,2,1,25.73,162.04,5.6
35,Male,185,135,55,1.78,1322.0,Strength,14.5,3.5,5,3,25.01,188.72,6.0
58,Female,173,159,60,1.03,737.0,Yoga,26.0,2.0,4,2,26.43,164.46,5.6
31,Female,166,157,66,0.59,463.0,Cardio,25.5,2.6,2,1,19.51,139.33,5.1
32,Female,190,161,58,1.67,1344.0,HIIT,15.0,2.7,5,3,23.56,138.01,5.4
48,Male,183,156,67,1.81,1398.0,Strength,11.6,3.5,5,3,28.12,192.02,5.9
18,Male,190,148,66,1.73,1408.0,HIIT,13.3,3.5,5,3,24.31,181.44,6.0
20,Female,188,137,61,1.71,1171.0,Cardio,18.7,2.7,4,3,20.29,141.76,5.1
33,Female,191,129,72,1.25,806.0,HIIT,29.5,2.5,3,1,19.49,118.39,5.5
40,Male,176,161,71,1.42,1257.0,Strength,26.8,2.9,4,2,15.75,138.89,6.6
28,Male,173,158,71,1.06,921.0,Strength,23.6,3.3,4,2,37.11,283.07,6.1
29,Male,199,137,54,1.75,1319.0,Cardio,13.3,3.5,5,3,24.64,194.01,6.2
27,Female,195,120,60,1.19,714.0,Strength,25.4,2.1,4,2,27.57,140.43,4.11
49,Male,183,158,53,1.29,1009.0,HIIT,23.9,2.3,4,2,23.94,184.53,6.1
33,Male,186,140,53,1.4,1078.0,HIIT,27.9,2.2,3,2,33.5,226.19,5.8
25,Female,184,120,52,0.55,330.0,Yoga,33.0,1.7,2,1,32.34,171.3,5.1
55,Male,191,134,73,1.19,789.0,Yoga,27.2,2.6,4,2,24.76,192.9,6.2
29,Male,177,123,72,1.52,1028.0,Yoga,11.0,3.5,4,3,25.15,191.8,6.1
41,Male,177,139,74,1.97,1355.0,HIIT,11.2,3.5,5,3,30.05,182.54,5.5
45,Female,196,129,66,0.76,441.0,HIIT,35.0,2.6,3,1,23.17,144.18,5.6
25,Female,185,142,56,0.89,632.0,Cardio,26.0,2.5,2,1,16.14,104.06,5.7
45,Female,168,160,53,0.95,684.0,Yoga,26.8,2.0,3,1,20.14,128.31,5.6
53,Female,194,153,72,1.17,806.0,HIIT,26.3,2.1,4,2,30.59,162.04,5.1
43,Female,167,165,62,1.67,1240.0,Cardio,16.6,2.7,5,3,18.44,121.7,5.8
25,Female,179,167,61,1.12,935.0,HIIT,27.1,1.8,3,1,22.02,141.98,5.7
45,Female,181,152,50,1.18,807.0,Cardio,30.0,2.3,4,2,24.28,162.04,5.8
45,Male,178,153,70,1.7,1287.0,Yoga,12.4,3.5,5,3,27.35,197.53,5.11
54,Male,189,158,68,1.48,1158.0,Yoga,29.0,3.4,3,2,27.92,190.7,5.9
58,Female,187,129,70,1.28,743.0,Yoga,25.3,1.8,4,2,16.53,101.63,5.5
53,Male,194,139,69,1.3,894.0,HIIT,23.2,2.1,3,2,17.65,151.02,6.5
44,Male,170,120,67,1.26,748.0,HIIT,26.0,3.1,4,2,27.94,208.56,6.0
34,Female,190,132,60,1.13,746.0,Cardio,31.0,2.2,3,1,23.46,119.49,4.11
26,Male,198,120,69,1.15,759.0,Strength,24.8,2.7,3,2,15.23,105.16,5.9
50,Male,195,124,52,1.38,847.0,Strength,28.2,3.1,4,2,15.42,115.08,6.0
37,Male,189,135,66,1.58,1173.0,Yoga,10.3,3.5,5,3,23.35,195.77,6.4
30,Male,182,134,61,1.46,1076.0,Strength,28.2,2.9,4,2,35.79,222.67,5.6
45,Male,178,168,59,1.06,881.0,Yoga,24.9,2.4,3,2,31.14,261.03,6.4
46,Female,171,147,57,1.41,933.0,Cardio,26.3,2.0,3,1,16.19,105.6,5.7
30,Female,174,150,64,1.08,810.0,Strength,33.9,2.0,3,2,17.01,113.54,5.8
52,Female,190,142,54,0.75,479.0,Strength,31.5,2.6,3,1,35.04,176.15,4.11
23,Male,196,167,53,0.72,661.0,Yoga,21.6,3.6,2,1,35.44,267.42,6.0
35,Female,196,164,70,1.28,1050.0,Cardio,25.3,2.6,4,2,29.34,173.94,5.4
22,Male,174,162,69,1.88,1675.0,Strength,10.7,3.5,5,3,33.72,195.11,5.3
42,Male,188,136,68,0.52,350.0,Strength,26.1,3.2,3,1,27.66,162.04,5.4
19,Male,185,168,70,1.27,1173.0,Strength,21.8,3.0,4,2,34.34,281.97,6.3
27,Male,161,153,53,1.8,1515.0,Cardio,11.1,3.5,4,3,22.57,195.11,6.5
47,Female,179,132,64,0.51,303.0,Cardio,25.3,2.3,3,1,16.54,95.68,5.3
22,Female,174,133,66,1.47,978.0,Strength,32.2,2.6,3,2,17.59,94.36,5.1
50,Male,163,130,61,1.17,753.0,Yoga,28.1,2.4,4,2,20.13,142.2,5.1
18,Female,181,147,52,1.29,948.0,Yoga,33.0,2.1,3,2,21.66,111.77,5.0
35,Male,197,161,59,1.3,1151.0,Strength,21.3,3.2,3,1,21.48,130.51,5.5
49,Female,182,151,64,1.38,938.0,Cardio,34.0,2.3,2,1,26.36,173.94,5.8
28,Female,185,154,59,1.1,847.0,Strength,31.7,1.8,3,2,29.62,173.5,5.4
38,Male,170,150,73,1.31,1081.0,Cardio,29.0,3.0,4,2,18.64,151.46,6.3
43,Female,187,136,72,0.82,502.0,Strength,29.5,2.5,2,1,21.0,117.07,5.2
42,Male,161,166,67,1.1,904.0,Cardio,24.4,2.8,3,2,23.8,142.86,5.4
39,Female,167,128,50,1.17,749.0,HIIT,32.8,2.5,2,1,19.41,110.89,5.3
44,Male,188,129,52,1.34,856.0,Yoga,20.9,2.6,4,2,38.5,225.53,5.4
30,Male,170,127,70,1.13,789.0,HIIT,25.2,3.6,2,1,17.06,138.67,6.3
50,Female,196,140,61,1.88,1184.0,Yoga,19.2,2.7,5,3,22.07,124.56,5.2
51,Female,177,132,50,0.71,422.0,Cardio,33.3,2.1,2,1,31.05,164.46,5.1
58,Male,173,169,52,1.12,937.0,HIIT,29.6,3.0,3,1,16.23,114.64,5.1
52,Female,169,124,52,1.5,837.0,Yoga,32.0,1.5,2,1,18.68,114.86,5.5
18,Female,194,125,54,0.97,606.0,Strength,27.1,1.7,2,1,30.44,159.17,5.0
38,Male,168,149,68,1.72,1410.0,Cardio,10.1,3.5,4,3,26.48,189.16,5.1
23,Male,194,150,74,1.6,1320.0,Cardio,12.4,3.5,4,3,23.78,179.46,6.0
45,Female,170,136,50,1.45,887.0,Strength,30.1,2.3,2,1,18.7,112.22,5.4
34,Male,171,130,53,1.38,987.0,Strength,22.4,2.7,4,2,16.41,114.64,5.1
22,Male,162,139,53,1.42,1086.0,Yoga,21.2,2.9,4,2,19.06,156.53,6.3
48,Male,198,167,66,1.51,1248.0,Cardio,12.9,3.5,4,3,25.73,177.69,5.9
22,Female,173,128,63,1.0,640.0,Yoga,32.6,1.6,3,2,19.71,128.53,5.7
55,Female,187,121,67,1.32,719.0,Strength,34.9,2.5,3,1,21.8,138.89,5.6
20,Male,170,156,50,1.02,875.0,Cardio,27.6,3.3,4,2,29.49,244.71,6.4
40,Female,198,120,71,1.27,762.0,Strength,32.9,1.7,3,2,19.09,115.96,5.5
54,Male,184,123,65,1.13,688.0,Yoga,26.2,3.1,3,1,29.1,256.62,6.6
54,Female,180,155,52,1.41,983.0,Yoga,34.9,2.5,4,2,29.17,166.67,5.3
27,Male,169,144,72,1.48,1172.0,Yoga,26.4,3.1,2,1,19.01,135.8,5.1
27,Male,174,122,70,1.38,926.0,Cardio,28.6,2.5,4,2,33.33,238.1,5.1
36,Female,178,128,58,0.99,634.0,Strength,34.5,2.3,3,1,19.36,130.73,5.8
34,Male,181,141,72,1.18,915.0,Strength,29.3,2.4,4,2,20.11,166.89,6.4
38,Female,180,142,53,1.21,859.0,Yoga,28.8,1.9,4,2,21.99,124.12,5.2
31,Female,191,131,70,1.17,766.0,Yoga,25.8,1.8,3,2,19.45,128.31,5.8
26,Male,182,129,54,1.13,802.0,Yoga,21.7,2.9,3,1,19.73,122.8,5.6
18,Male,172,153,60,1.46,1229.0,Yoga,20.6,2.2,3,2,45.14,277.56,5.5
30,Female,164,162,70,1.02,826.0,HIIT,26.1,2.6,4,2,22.48,138.23,5.5
21,Male,163,129,58,1.37,972.0,HIIT,21.8,2.6,3,2,25.03,190.92,6.1
18,Male,187,149,52,1.2,983.0,HIIT,23.4,2.4,3,2,19.47,142.2,5.11
57,Male,173,141,55,1.14,796.0,Yoga,25.4,2.8,4,2,22.14,168.87,6.1
49,Male,167,125,73,1.98,1225.0,Yoga,13.6,3.5,5,3,24.31,179.46,6.0
51,Male,168,169,60,1.14,954.0,Strength,22.1,2.5,2,1,20.76,133.82,5.7
45,Female,194,121,58,1.67,909.0,Cardio,18.4,2.7,5,3,23.81,126.1,5.1
48,Female,196,149,64,1.19,798.0,Strength,32.0,2.1,3,2,28.88,160.94,5.2
25,Male,180,121,72,1.13,752.0,HIIT,25.6,2.6,3,1,31.26,272.93,6.6
56,Male,177,151,52,1.37,1024.0,Strength,29.0,2.2,2,1,33.97,206.35,5.5
43,Male,192,161,50,1.24,988.0,Yoga,21.1,2.5,3,1,20.83,169.31,6.3
51,Female,167,135,69,1.11,674.0,HIIT,26.8,2.0,4,2,23.37,120.59,5.0
20,Male,176,131,71,1.14,821.0,HIIT,24.3,2.1,3,2,24.52,203.49,6.4
29,Female,190,120,68,1.2,720.0,Cardio,26.3,2.4,4,2,29.89,158.29,5.1
18,Female,193,127,63,1.07,679.0,Cardio,30.7,2.2,3,2,27.14,147.49,5.1
22,Female,165,167,66,1.37,1144.0,HIIT,29.0,2.2,4,2,15.72,107.36,5.9
47,Male,181,169,71,1.42,1188.0,HIIT,22.8,2.9,3,1,22.64,145.95,5.7
47,Female,173,132,63,0.8,475.0,Strength,26.7,2.2,3,1,12.91,88.18,5.9
34,Male,162,134,66,1.18,870.0,HIIT,23.4,3.6,4,2,32.84,247.8,6.0
40,Female,171,163,74,0.85,693.0,Yoga,31.1,1.5,3,1,29.14,154.32,5.1
32,Male,195,127,63,1.45,1013.0,Strength,25.8,2.1,3,1,27.74,185.19,5.8
54,Female,171,129,61,1.29,749.0,Yoga,26.6,1.7,4,2,16.09,96.56,5.4
38,Male,161,165,65,1.34,1216.0,Yoga,21.2,2.3,4,2,46.98,271.83,5.3
31,Female,161,124,50,1.8,1116.0,Yoga,15.1,2.7,5,3,23.79,127.65,5.1
19,Male,174,169,62,1.9,1766.0,HIIT,10.1,3.5,5,3,21.45,181.66,6.5
28,Male,182,138,55,1.35,1025.0,Cardio,28.8,2.3,4,2,26.47,186.95,5.1
56,Male,188,166,66,1.29,1060.0,Cardio,20.5,3.1,3,2,39.77,241.63,5.5
55,Male,176,157,61,1.0,777.0,Yoga,27.3,2.8,3,2,27.58,190.48,5.9
51,Female,191,130,72,1.07,626.0,HIIT,33.7,2.7,4,2,19.72,140.88,5.1
55,Female,166,162,68,0.54,394.0,Strength,26.0,1.8,3,1,26.98,156.09,5.3
51,Male,189,139,55,1.38,950.0,Yoga,24.4,2.5,3,2,41.34,254.19,5.5
35,Female,187,139,56,1.71,1188.0,Strength,19.8,2.7,5,3,22.72,121.92,5.1
47,Male,173,140,50,1.36,942.0,Strength,28.3,3.7,3,1,22.81,162.92,5.1
32,Male,189,137,50,1.36,1025.0,HIIT,24.9,3.4,3,2,25.33,214.51,6.5
44,Female,176,169,54,1.27,966.0,HIIT,32.6,2.1,4,2,22.19,133.16,5.4
51,Male,191,129,55,1.36,868.0,Cardio,28.3,2.9,2,1,19.02,108.69,5.3
55,Male,165,153,65,1.44,1091.0,Cardio,23.5,3.4,3,1,28.97,202.38,5.1
50,Female,183,145,74,0.89,581.0,HIIT,33.9,2.1,3,1,30.63,162.26,5.1
41,Male,165,149,65,1.26,929.0,Yoga,24.7,2.4,3,1,14.87,103.84,5.1
32,Male,186,128,63,0.58,408.0,Cardio,25.3,3.4,2,1,24.84,143.74,5.3
47,Male,177,165,50,2.0,1634.0,Strength,15.0,3.5,4,3,32.42,192.24,5.4
59,Male,183,150,62,0.57,423.0,Yoga,28.4,2.9,3,1,33.07,213.19,5.7
34,Female,196,161,69,1.02,821.0,Strength,28.6,1.7,3,2,18.09,103.4,5.3
22,Female,183,123,59,1.38,849.0,HIIT,25.1,2.1,3,1,27.47,158.95,5.3
46,Female,197,125,73,1.61,906.0,Strength,18.1,2.7,4,3,26.35,137.79,5.0
21,Male,193,133,59,1.06,775.0,Yoga,27.0,2.7,3,1,38.76,244.05,5.6
27,Male,199,123,58,1.41,954.0,HIIT,26.5,3.5,3,2,30.64,226.19,6.0
34,Female,174,145,62,1.76,1276.0,Yoga,19.8,2.7,5,3,24.5,141.76,5.3
27,Male,170,166,52,1.75,1598.0,Strength,14.3,3.5,4,3,31.13,177.91,5.3
34,Male,181,167,67,1.36,1249.0,Yoga,24.5,2.2,2,1,35.19,254.19,5.11
37,Male,183,158,69,1.81,1573.0,HIIT,10.3,3.5,5,3,30.74,193.57,5.6
41,Male,160,136,51,1.06,714.0,Strength,24.8,3.5,4,2,28.66,163.8,5.3
22,Female,177,138,66,1.36,938.0,Strength,31.9,2.1,4,2,27.16,173.06,5.6
51,Female,171,168,68,0.97,733.0,Cardio,31.1,2.0,2,1,30.96,170.42,5.2
23,Female,187,125,72,0.51,319.0,Cardio,30.4,1.7,2,1,22.32,142.2,5.6
19,Male,199,148,62,1.17,952.0,Yoga,24.7,3.2,3,2,19.13,158.73,6.4
30,Female,166,130,62,1.41,916.0,Cardio,27.9,2.6,4,2,24.87,171.74,5.9
28,Female,182,135,50,1.49,1006.0,Cardio,27.8,2.0,3,2,27.88,153.44,5.2
40,Male,180,149,51,1.16,951.0,Cardio,25.0,2.4,4,2,17.4,151.9,6.6
33,Male,193,144,50,1.45,1148.0,Cardio,21.6,2.9,3,2,12.85,101.19,6.2
48,Female,170,159,73,0.75,537.0,HIIT,28.4,2.5,3,1,23.88,150.36,5.6
28,Female,181,130,54,1.49,968.0,HIIT,28.2,1.5,3,2,31.49,175.49,5.2
33,Female,194,126,73,1.02,643.0,Cardio,30.9,2.3,2,1,23.2,118.17,4.11
25,Female,188,145,52,1.36,986.0,Yoga,25.7,2.2,3,2,23.11,127.21,5.2
21,Male,187,141,56,1.32,1024.0,HIIT,28.3,2.5,3,2,19.92,163.58,6.3
57,Female,177,144,73,1.52,985.0,Cardio,17.8,2.7,5,3,26.46,141.98,5.1
21,Female,173,138,71,0.55,380.0,HIIT,31.7,2.0,2,1,17.33,121.03,5.1
42,Male,177,150,62,0.63,468.0,Strength,27.0,2.4,3,1,18.7,110.89,5.4
20,Female,187,145,72,0.91,660.0,HIIT,27.9,2.4,2,1,16.48,102.51,5.6
49,Male,183,161,67,0.93,741.0,HIIT,24.7,3.1,3,1,14.6,127.43,6.6
20,Male,167,160,73,0.79,695.0,Yoga,29.6,2.9,2,1,25.62,182.98,5.1
44,Male,167,155,70,1.51,1159.0,HIIT,13.8,3.5,5,3,25.75,181.88,5.1
46,Female,163,142,56,1.11,709.0,Yoga,34.7,2.0,3,1,22.22,146.61,5.8
49,Female,186,166,50,0.93,695.0,Strength,32.5,1.8,3,1,25.17,154.76,5.5
36,Male,195,132,54,1.49,1082.0,Cardio,21.8,3.4,3,2,32.73,268.74,6.3
38,Female,164,144,66,1.19,857.0,Yoga,25.6,2.0,4,2,30.43,154.98,4.11
22,Female,192,121,57,1.45,877.0,HIIT,30.8,2.1,4,2,16.56,88.85,5.1
35,Male,193,121,64,0.84,559.0,HIIT,23.6,2.9,2,1,32.74,223.55,5.9
45,Male,189,135,69,1.47,982.0,Yoga,22.8,2.8,3,2,20.83,174.61,6.4
59,Female,167,128,53,1.46,841.0,Strength,33.1,1.8,3,1,24.19,167.11,5.9
39,Male,198,147,51,0.55,445.0,Cardio,23.7,2.2,2,1,20.29,158.07,6.2
38,Female,185,132,54,1.64,1082.0,HIIT,16.6,2.7,5,3,23.71,127.21,5.1
23,Female,196,154,50,0.76,585.0,Strength,33.5,1.6,3,1,18.52,104.5,5.2
18,Female,193,160,74,1.29,1032.0,Cardio,33.5,2.4,3,2,18.68,126.1,5.8
22,Female,166,132,54,1.48,977.0,Cardio,28.6,1.8,4,2,15.14,98.77,5.7
58,Male,199,150,55,0.9,668.0,HIIT,28.3,2.1,2,1,30.49,198.86,5.7
29,Male,187,140,51,1.79,1378.0,Yoga,14.3,3.5,4,3,28.7,187.17,5.7
43,Male,198,151,50,1.08,807.0,HIIT,24.2,3.4,3,1,30.55,210.98,5.9
51,Male,198,153,53,1.22,924.0,HIIT,20.7,2.3,3,2,21.67,130.07,5.4
31,Female,187,127,56,1.72,1092.0,HIIT,15.0,2.7,4,3,19.31,133.38,5.9
43,Female,173,160,71,1.03,742.0,Strength,30.2,2.3,4,2,18.19,118.61,5.7
44,Male,197,167,50,1.66,1372.0,Yoga,11.7,3.5,5,3,22.31,190.92,6.5
26,Female,163,121,50,1.37,829.0,Strength,35.0,1.9,2,1,26.1,160.5,5.5
43,Female,177,157,57,1.48,1046.0,HIIT,32.7,1.7,4,2,21.16,146.17,5.9
39,Female,184,151,69,0.89,672.0,Yoga,32.6,2.0,2,1,21.87,123.46,5.2
47,Male,166,159,65,1.29,1015.0,Cardio,29.6,2.0,3,2,12.32,101.19,6.3
34,Male,197,147,70,1.9,1536.0,Yoga,14.4,3.5,4,3,32.72,194.01,5.4
43,Male,187,156,62,1.31,1012.0,HIIT,23.2,3.4,2,1,29.34,207.23,5.1
53,Female,164,160,72,1.34,965.0,Yoga,26.7,2.1,3,2,13.95,98.55,5.1
18,Male,162,120,73,0.66,436.0,Cardio,27.5,2.2,3,1,23.79,139.33,5.4
25,Male,190,160,72,1.47,1294.0,Cardio,23.8,2.4,4,2,26.48,210.76,6.2
52,Male,179,129,67,1.01,645.0,Yoga,24.7,2.8,3,2,13.82,105.38,6.1
32,Male,178,123,69,1.77,1197.0,Cardio,13.2,3.5,4,3,31.71,188.05,5.4
39,Male,170,154,59,1.35,1143.0,Strength,29.1,2.3,4,2,17.83,131.62,6.0
31,Male,199,129,61,0.71,504.0,Yoga,24.2,2.5,2,1,17.91,154.76,6.5
43,Female,162,166,50,0.79,590.0,Cardio,32.8,2.1,3,1,22.44,160.28,5.1
45,Female,182,130,59,0.74,433.0,Cardio,27.7,2.5,2,1,15.73,111.11,5.1
40,Male,166,133,58,0.91,666.0,Yoga,27.0,2.7,2,1,26.99,180.12,5.8
31,Male,182,157,52,0.56,484.0,Strength,20.0,3.2,2,1,18.79,108.69,5.3
41,Female,166,131,68,1.93,1138.0,Yoga,19.4,2.7,4,3,23.01,136.47,5.4
19,Female,193,164,58,1.42,1164.0,Cardio,25.3,2.6,4,2,17.4,108.25,5.6
43,Male,178,136,59,1.11,747.0,Yoga,27.1,2.4,3,2,19.86,146.61,6.0
31,Male,168,135,68,0.6,446.0,Cardio,20.5,3.4,2,1,20.27,166.45,6.3
24,Male,177,154,65,1.76,1491.0,HIIT,11.3,3.5,4,3,27.53,194.45,5.1
20,Male,184,121,73,1.33,885.0,Yoga,25.0,3.3,3,2,24.42,164.91,5.8
40,Female,173,130,67,0.87,566.0,Yoga,29.2,1.9,3,1,28.2,159.17,5.2
35,Male,184,160,63,1.41,1241.0,Cardio,21.9,3.7,4,2,23.64,138.45,5.4
55,Male,178,122,52,1.19,719.0,Cardio,23.3,2.4,3,2,26.43,186.73,5.1
52,Male,198,148,51,0.53,388.0,Cardio,27.3,2.4,2,1,40.79,256.84,5.6
32,Male,174,137,50,1.39,1047.0,Cardio,26.7,3.3,3,2,21.0,170.64,6.3
42,Female,175,139,67,1.17,732.0,Yoga,25.7,2.0,4,2,27.78,160.72,5.3
54,Female,186,166,73,1.08,807.0,Cardio,32.5,1.9,2,1,23.1,128.75,5.2
45,Female,199,133,58,1.67,999.0,Yoga,15.3,2.7,4,3,27.11,141.76,5.0
27,Male,169,153,62,1.62,1363.0,Strength,12.7,3.5,5,3,25.54,196.87,6.1
56,Male,163,168,51,1.38,1148.0,Yoga,22.6,2.3,3,2,34.8,198.86,5.3
34,Female,178,150,56,1.13,847.0,Cardio,30.9,2.4,4,2,22.48,130.07,5.3
56,Male,187,159,65,1.09,858.0,Cardio,22.6,3.3,3,2,16.97,129.41,6.1
39,Male,180,161,70,1.26,1116.0,Strength,29.8,3.0,3,2,38.49,281.09,5.11
43,Female,173,137,68,1.42,875.0,Yoga,28.1,2.6,4,2,29.69,151.24,4.11
42,Female,192,149,74,1.07,717.0,Strength,27.4,1.9,3,1,24.22,125.0,5.0
34,Female,169,144,64,1.33,958.0,Yoga,27.8,1.8,4,2,20.36,142.2,5.1
30,Female,178,138,71,1.78,1228.0,Cardio,19.5,2.7,4,3,26.66,135.8,4.11
37,Male,189,127,60,1.23,859.0,Yoga,26.4,3.2,4,2,22.67,165.57,5.11
42,Male,181,147,50,1.22,888.0,Cardio,27.3,3.3,2,1,21.29,174.83,6.3
21,Female,162,127,70,1.19,756.0,Cardio,34.2,1.8,3,2,25.72,160.06,5.6
27,Male,196,150,56,0.96,792.0,HIIT,29.1,2.1,3,1,26.54,169.09,5.6
20,Female,177,122,69,1.08,659.0,HIIT,32.4,2.5,2,1,17.05,97.44,5.3
58,Female,170,122,57,0.74,406.0,Yoga,27.0,2.7,2,1,19.55,124.56,5.6
35,Male,161,163,59,1.1,986.0,Cardio,28.4,3.1,2,1,37.98,222.45,5.4
53,Female,171,141,54,1.12,711.0,Strength,27.0,1.8,4,2,23.23,123.02,5.1
39,Male,165,136,58,1.35,1010.0,Cardio,27.4,3.7,4,2,15.65,128.53,6.3
51,Male,199,155,74,1.47,1128.0,Strength,26.9,3.5,2,1,15.51,107.14,5.9
25,Male,188,136,74,1.94,1451.0,Yoga,13.8,3.5,4,3,21.49,180.12,6.4
57,Male,189,133,50,1.76,1159.0,Yoga,12.7,3.5,5,3,29.97,188.72,5.6
36,Female,161,128,51,1.63,1043.0,Strength,18.2,2.7,5,3,20.28,132.28,5.7
59,Male,168,149,68,1.24,915.0,Strength,29.5,2.9,3,1,44.26,278.66,5.6
58,Female,161,140,63,1.05,662.0,Cardio,26.0,2.5,4,2,23.8,166.23,5.1
54,Female,188,131,69,1.69,996.0,Yoga,16.5,2.7,4,3,22.48,141.54,5.6
23,Female,192,156,59,1.37,1069.0,Cardio,31.1,2.5,3,2,24.84,143.74,5.3
43,Female,169,151,58,0.99,673.0,Strength,34.6,2.6,2,1,25.44,154.54,5.5
51,Male,193,130,59,1.21,779.0,HIIT,21.0,3.4,2,1,32.75,226.19,5.9
23,Male,167,139,55,1.15,879.0,HIIT,20.2,3.1,4,2,28.78,236.34,6.3
54,Female,196,154,66,1.76,1220.0,HIIT,15.3,2.7,5,3,18.45,124.56,5.8
50,Female,192,166,74,1.22,911.0,Strength,25.5,2.2,4,2,20.11,135.8,5.8
39,Male,165,165,55,1.32,1198.0,Cardio,29.1,2.8,4,2,26.68,180.12,5.8
38,Female,199,130,53,0.74,481.0,Yoga,32.2,2.3,2,1,30.68,168.87,5.2
23,Male,178,127,69,1.0,698.0,Strength,26.8,3.4,4,2,36.45,257.5,5.1
23,Female,191,123,52,1.8,1107.0,HIIT,17.6,2.7,4,3,23.77,132.5,5.2
21,Male,186,146,72,1.0,803.0,Cardio,27.8,3.6,2,1,31.31,206.57,5.8
47,Female,160,163,68,1.03,756.0,Yoga,26.6,2.1,4,2,16.66,91.71,5.2
28,Female,192,159,67,1.99,1582.0,Yoga,17.0,2.7,5,3,17.2,121.47,5.1
47,Male,199,157,73,0.71,552.0,Strength,24.9,3.0,2,1,41.03,280.21,5.9
48,Female,191,166,53,1.34,1001.0,Strength,26.1,2.0,4,2,26.99,152.34,5.2
41,Female,164,149,57,1.34,898.0,Yoga,29.2,2.3,3,1,22.06,147.27,5.8
26,Male,176,163,66,1.15,1031.0,Yoga,23.2,3.1,4,2,40.52,276.68,5.9
20,Female,167,167,54,1.07,893.0,HIIT,25.4,1.5,3,2,28.56,157.19,5.2
48,Male,193,167,62,1.06,876.0,Yoga,21.4,2.9,4,2,49.84,284.84,5.3
57,Male,168,146,74,1.1,795.0,Strength,27.6,2.2,3,2,27.84,212.3,6.1
54,Female,182,140,50,0.72,454.0,Cardio,25.2,1.5,3,1,28.46,148.81,5.0
53,Female,194,139,62,1.77,1107.0,HIIT,19.7,2.7,4,3,26.81,141.98,5.1
41,Female,166,123,53,1.04,576.0,HIIT,25.9,2.4,4,2,26.33,143.08,5.1
48,Female,174,130,71,0.74,433.0,Yoga,33.0,1.8,3,1,18.98,115.3,5.5
23,Female,179,132,73,1.38,911.0,Cardio,34.0,1.9,4,2,23.6,125.0,5.1
19,Female,184,128,63,1.35,864.0,HIIT,34.4,1.6,4,2,17.61,103.18,5.4
37,Female,162,123,52,1.01,621.0,Strength,33.7,1.7,2,1,22.44,154.98,5.9
45,Male,183,131,54,1.7,1102.0,Yoga,11.4,3.5,4,3,26.08,178.13,5.9
28,Female,193,128,56,1.94,1242.0,Strength,16.7,2.7,5,3,24.89,123.46,4.11
21,Male,181,132,50,1.3,944.0,Yoga,24.3,3.3,2,1,29.89,223.11,6.0
32,Female,170,167,72,1.65,1378.0,HIIT,15.7,2.7,4,3,22.96,124.78,5.1
23,Female,167,145,61,0.82,594.0,Yoga,25.2,2.1,3,1,13.36,90.17,5.8
47,Male,198,157,60,0.77,598.0,Cardio,28.7,3.5,2,1,46.94,281.75,5.4
55,Female,194,161,73,1.28,927.0,Strength,30.5,2.0,2,1,15.92,108.69,5.9
19,Female,197,132,57,1.87,1234.0,Cardio,18.0,2.7,5,3,24.2,141.76,5.4
32,Male,167,158,74,1.18,1025.0,Strength,29.3,2.5,3,2,18.79,108.69,5.3
28,Female,196,147,55,0.68,500.0,Strength,31.7,1.9,2,1,24.01,138.89,5.3
25,Female,186,138,71,1.03,711.0,Yoga,31.9,2.4,3,2,14.74,90.61,5.5
43,Female,187,143,51,1.5,965.0,HIIT,32.9,2.2,3,2,13.38,89.29,5.8
22,Male,199,138,68,0.91,691.0,HIIT,21.2,3.5,2,1,27.05,156.53,5.3
23,Female,193,168,69,1.59,1336.0,Cardio,16.8,2.7,5,3,23.21,134.26,5.3
43,Female,191,132,69,1.88,1117.0,Yoga,19.8,2.7,4,3,23.48,142.64,5.5
21,Female,174,132,73,1.07,706.0,HIIT,34.2,2.2,3,2,17.44,112.44,5.7
36,Female,176,147,63,1.65,1213.0,Strength,19.4,2.7,4,3,18.42,127.21,5.9
37,Male,192,121,50,1.49,992.0,Strength,24.5,2.8,4,2,23.22,169.54,5.11
50,Male,175,129,59,1.85,1181.0,Yoga,14.3,3.5,4,3,25.7,177.47,5.9
37,Female,188,141,65,1.03,726.0,Cardio,25.5,2.4,3,2,24.21,161.6,5.8
29,Female,168,132,53,1.33,878.0,Yoga,26.5,2.6,3,2,19.88,108.03,5.1
18,Male,192,128,60,1.03,725.0,Cardio,24.1,2.6,3,1,29.5,252.43,6.5
43,Male,188,152,65,1.58,1189.0,Yoga,12.4,3.5,5,3,25.56,178.57,5.1
31,Female,172,133,69,1.22,811.0,Strength,27.6,1.8,4,2,17.27,117.95,5.9
55,Male,180,167,50,0.77,637.0,Yoga,23.6,3.0,3,1,18.46,114.86,5.6
54,Female,180,139,65,0.76,475.0,HIIT,26.6,2.1,2,1,30.34,154.54,4.11
28,Male,164,134,68,1.29,951.0,HIIT,24.9,3.7,4,2,27.43,191.58,5.1
53,Male,169,151,70,1.09,815.0,Yoga,27.9,2.8,3,2,23.7,161.82,5.9
30,Male,165,152,71,1.32,1104.0,Cardio,26.6,2.1,4,2,32.66,198.42,5.5
20,Male,172,136,58,1.72,1287.0,Cardio,10.5,3.5,5,3,23.25,188.94,6.3
50,Female,160,143,58,0.73,470.0,Strength,29.9,2.7,2,1,29.3,155.21,5.1
23,Male,179,149,58,1.15,942.0,Strength,27.0,3.4,3,2,19.73,127.21,5.7
27,Male,167,132,66,0.68,494.0,Cardio,25.3,2.3,3,1,24.44,166.89,5.9
22,Female,169,166,61,1.83,1519.0,Yoga,17.0,2.7,5,3,26.75,136.25,4.11
40,Male,168,167,74,1.63,1497.0,Strength,13.1,3.5,5,3,25.92,177.03,5.9
27,Male,162,135,62,1.28,950.0,Cardio,29.7,3.5,3,2,36.95,229.94,5.6
19,Female,170,121,57,1.46,883.0,Cardio,25.9,1.9,3,2,26.32,144.84,5.2
30,Male,171,136,65,0.66,494.0,Yoga,23.9,2.6,2,1,31.32,265.22,6.5
57,Female,169,151,67,1.05,713.0,HIIT,29.1,2.6,3,2,21.06,114.42,5.1
19,Female,184,162,50,1.65,1336.0,Cardio,17.9,2.7,5,3,23.98,130.29,5.1
37,Female,184,127,50,1.38,876.0,Strength,26.5,2.1,4,2,21.84,147.49,5.8
18,Female,170,122,61,0.94,573.0,Yoga,26.8,1.7,2,1,21.84,147.49,5.8
54,Male,195,131,55,1.42,921.0,Yoga,22.9,2.6,3,2,28.56,173.5,5.5
26,Female,198,139,58,1.88,1307.0,Yoga,19.8,2.7,4,3,24.07,137.57,5.3
34,Male,185,135,72,0.96,713.0,HIIT,27.3,3.2,2,1,34.92,225.09,5.7
26,Male,173,133,54,0.75,549.0,HIIT,26.6,2.3,2,1,12.97,114.42,6.6
28,Male,198,135,65,1.32,980.0,Strength,28.2,3.0,4,2,14.57,128.53,6.6
32,Male,199,168,67,1.93,1783.0,Strength,10.6,3.5,4,3,24.36,197.97,6.3
41,Male,160,162,66,0.79,634.0,Yoga,28.6,3.2,2,1,30.19,222.89,6.0
55,Male,163,168,67,0.77,640.0,Strength,25.9,2.6,3,1,40.09,261.47,5.7
52,Male,189,152,50,1.19,895.0,Cardio,23.4,3.2,2,1,24.78,186.95,6.0
47,Male,171,149,68,0.72,531.0,HIIT,28.2,3.5,3,1,25.54,176.37,5.9
48,Male,194,131,71,1.05,681.0,Yoga,28.0,2.8,4,2,21.83,161.16,6.0
22,Male,172,134,57,1.24,914.0,Yoga,28.5,2.7,3,2,41.56,258.6,5.6
31,Female,190,137,52,1.26,863.0,Cardio,26.2,1.8,4,2,26.47,170.64,5.7
28,Female,197,147,74,1.13,831.0,Cardio,34.7,2.2,3,2,26.14,160.72,5.5
26,Female,182,142,54,1.15,816.0,Cardio,34.6,2.6,2,1,31.64,156.97,4.11
51,Male,163,133,72,1.56,1027.0,Cardio,11.8,3.5,4,3,33.61,194.45,5.3
29,Female,175,149,57,1.31,976.0,Yoga,25.7,1.9,4,2,23.33,166.67,5.1
52,Female,166,152,68,1.66,1135.0,HIIT,15.8,2.7,4,3,23.79,127.65,5.1
52,Female,181,164,67,1.02,753.0,HIIT,34.9,2.0,3,2,28.28,155.65,5.2
18,Male,188,134,67,0.94,693.0,Cardio,25.6,2.7,3,1,44.1,261.47,5.4
57,Male,170,126,70,1.13,705.0,Strength,23.6,3.0,3,2,14.07,122.8,6.6
39,Male,192,134,50,0.89,656.0,Yoga,22.9,2.4,3,1,27.18,225.53,6.4
46,Male,188,161,64,1.31,1044.0,HIIT,22.6,3.4,4,2,20.76,160.06,6.1
25,Female,198,165,67,0.95,784.0,Cardio,31.6,1.9,2,1,22.6,140.65,5.6
28,Female,171,157,74,0.61,479.0,Strength,29.2,2.3,3,1,24.13,148.37,5.5
58,Female,166,165,56,1.97,1463.0,Strength,19.8,2.7,4,3,23.75,130.73,5.2
54,Female,198,163,65,1.14,836.0,Cardio,31.8,2.1,3,1,28.68,155.87,5.1
31,Male,185,130,65,1.72,1230.0,Yoga,14.0,3.5,4,3,30.43,191.58,5.6
47,Male,199,148,64,0.76,557.0,HIIT,22.9,3.0,3,1,27.2,216.49,6.2
52,Male,168,150,55,1.3,965.0,Strength,20.8,2.3,4,2,24.23,140.21,5.3
38,Female,193,144,58,1.01,727.0,HIIT,29.9,2.4,3,2,16.01,99.65,5.6
54,Male,172,143,56,1.04,736.0,HIIT,23.1,2.3,4,2,44.66,258.38,5.3
22,Male,195,138,63,1.34,1017.0,Strength,22.0,2.2,2,1,35.47,236.78,5.8
36,Female,184,121,60,0.85,514.0,Cardio,34.5,2.2,2,1,18.65,130.29,5.1
31,Female,183,141,70,0.57,402.0,Strength,29.4,2.4,3,1,19.82,117.51,5.4
43,Male,176,139,65,1.18,812.0,Strength,21.7,2.1,2,1,17.39,101.85,5.4
21,Male,161,152,74,1.32,1104.0,Yoga,22.0,2.1,3,2,25.85,147.71,5.3
42,Male,172,127,55,1.77,1113.0,HIIT,11.4,3.5,4,3,27.55,190.26,5.9
59,Male,190,144,71,1.99,1418.0,Cardio,15.0,3.5,5,3,30.66,188.5,5.5
42,Male,188,165,65,1.38,1127.0,HIIT,22.7,3.4,3,2,20.07,154.76,6.1
35,Male,187,128,69,1.02,718.0,Strength,23.3,3.4,4,2,48.43,280.21,5.3
57,Female,186,153,65,1.05,723.0,Cardio,31.6,1.8,3,2,27.11,166.67,5.5
25,Female,174,142,61,1.2,852.0,Cardio,27.9,2.2,3,1,22.99,138.01,5.4
56,Female,190,124,66,1.91,1066.0,Cardio,16.1,2.7,5,3,23.79,122.8,5.0
57,Male,199,144,54,1.21,862.0,Cardio,21.6,2.8,3,2,31.74,211.86,5.8
31,Female,174,127,74,1.39,883.0,Yoga,28.1,2.3,4,2,29.23,169.09,5.3
49,Male,192,135,62,1.14,762.0,Cardio,21.1,3.5,2,1,16.01,126.1,6.2
55,Male,179,167,57,1.2,992.0,Strength,20.2,2.1,4,2,21.34,154.1,5.11
50,Female,171,164,73,1.03,760.0,Yoga,33.0,2.4,3,2,21.67,149.69,5.9
40,Male,196,134,54,1.96,1445.0,Strength,10.7,3.5,5,3,25.14,193.79,6.1
32,Male,168,120,61,1.24,818.0,Strength,27.8,2.8,3,2,26.22,226.63,6.5
50,Female,182,141,58,1.32,838.0,HIIT,33.0,2.2,3,1,23.02,114.2,4.11
42,Female,167,122,52,1.83,1005.0,Cardio,17.7,2.7,4,3,23.41,127.21,5.1
34,Female,191,157,52,0.81,636.0,Cardio,28.1,2.3,3,1,23.28,146.61,5.6
50,Male,173,133,50,1.16,764.0,Strength,21.5,3.6,4,2,36.8,210.32,5.3
19,Female,186,155,74,1.17,907.0,Cardio,32.4,1.6,3,1,27.03,152.56,5.2
31,Female,184,137,71,1.02,699.0,Yoga,31.0,1.5,4,2,23.88,146.83,5.5
57,Male,172,166,67,1.57,1290.0,HIIT,13.3,3.5,4,3,30.63,183.87,5.4
57,Female,180,160,73,1.39,1001.0,Cardio,25.1,1.7,2,1,14.3,96.56,5.8
56,Female,190,137,61,1.99,1227.0,Cardio,19.6,2.7,5,3,22.48,141.54,5.6
23,Female,196,122,58,0.58,354.0,Yoga,25.7,2.7,2,1,16.8,97.22,5.3
23,Male,164,129,58,1.87,1327.0,HIIT,11.8,3.5,5,3,23.93,192.46,6.3
20,Male,172,168,67,1.12,1035.0,Yoga,24.0,3.2,4,2,21.48,121.25,5.2
24,Male,187,158,67,1.57,1364.0,Strength,10.0,3.5,4,3,28.77,192.02,5.8
25,Male,184,166,56,1.38,1260.0,Strength,25.0,3.0,2,1,25.69,146.83,5.3
59,Female,194,120,53,1.72,929.0,Cardio,18.8,2.7,5,3,19.5,133.16,5.9
32,Male,198,146,62,1.1,883.0,HIIT,28.2,2.1,3,2,37.74,278.66,6.0
46,Male,166,146,66,0.75,542.0,Strength,28.8,3.5,2,1,33.38,195.55,5.4
